tavg_Belo Horizonte,prcp_Belo Horizonte,tavg_Contagem,prcp_Contagem,tavg_Ribeirão das Neves,prcp_Ribeirão das Neves,tavg_Ibirité,prcp_Ibirité,tavg_Janaúba,prcp_Janaúba,tavg_Pedro Leopoldo,prcp_Pedro Leopoldo,tavg_Ponte Nova,prcp_Ponte Nova,tavg_São Gotardo,prcp_São Gotardo,tavg_Perdizes,prcp_Perdizes
24.9,,,,25.1,,,,,,,,,,,,,
21.4,,,,22.6,,,,,,,,,,,,,
21.6,,,,22.6,,,,,,,,,,,,,
21.3,,,,22.2,,,,,,,,,,,,,
22.2,,,,23.3,,,,,,,,,,,,,
23.8,,,,24.5,,,,,,,,,,,,,
25.2,,,,25.2,,,,,,,,,,,,,
24.6,,,,24.5,,,,,,,,,,,,,
24.7,,,,25.2,,,,,,,,,,,,,
24.8,,,,26.8,,,,,,,,,,,,,
25.2,,,,27.0,,,,,,,,,,,,,
27.2,,,,27.6,,,,,,,,,,,,,
26.6,,,,27.5,,,,,,,,,,,,,
24.1,,,,24.6,,,,,,,,,,,,,
25.1,,,,25.8,,,,,,,,22.1,,,,24.6,
24.4,,,,25.6,,,,,,,,,,,,24.7,
23.3,,,,23.9,,,,,,,,,,,,23.7,
23.3,,,,24.3,,,,,,,,,,,,22.6,
23.5,,,,24.2,,,,,,,,,,,,23.0,
22.8,,,,23.3,,,,,,,,,,,,21.5,
21.7,,,,22.8,,,,,,,,,,,,22.6,
22.2,,,,23.5,,,,,,,,,,,,22.5,
20.6,,,,21.0,,,,,,,,,,,,21.2,
20.9,,,,21.6,,,,,,,,,,,,20.9,
21.3,,,,22.6,,,,,,,,,,,,21.8,
22.4,,,,23.8,,,,,,,,,,,,22.9,
22.9,,,,23.7,,,,,,,,,,,,24.0,
24.0,,,,25.0,,,,,,,,,,,,,
22.3,,,,23.4,,,,,,,,,,,,,
25.1,,,,26.0,,,,,,,,23.9,,,,23.9,
25.8,,,,26.4,,,,,,,,,,,,,
25.9,,,,26.8,,,,,,,,,,,,23.3,
25.8,,,,26.0,,,,,,,,,,,,24.2,
25.3,,,,26.3,,,,,,,,23.6,,,,,
25.2,,,,25.8,,,,,,,,,,,,,
22.1,,,,22.8,,,,,,,,,,,,21.6,
21.0,,,,21.4,,,,,,,,,,,,20.7,
21.2,,,,22.8,,,,,,,,,,,,,
21.9,,,,22.6,,,,,,,,,,,,,
21.2,,,,22.2,,,,,,,,,,,,,
23.3,,,,24.4,,,,,,,,24.1,,,,,
21.5,,,,22.0,,,,,,,,,,,,,
21.3,,,,22.3,,,,,,,,,,,,,
21.2,,,,21.6,,,,,,,,,,,,21.8,
22.6,,,,23.4,,,,,,,,,,,,22.8,
24.4,,,,25.1,,,,,,,,,,,,,
23.6,,,,24.3,,,,,,,,,,,,23.1,
22.6,,,,23.9,,,,,,,,,,,,22.2,
24.3,,,,24.5,,,,,,,,23.5,,,,,
23.9,,,,24.8,,,,,,,,,,,,,
24.6,,,,25.1,,,,,,,,23.0,,,,,
24.1,,,,25.1,,,,,,,,22.5,,,,21.0,
23.4,,,,24.7,,,,,,,,22.6,,,,,
21.5,,,,22.3,,,,,,,,19.6,,,,,
21.7,,,,22.0,,,,,,,,,,,,,
22.9,,,,24.2,,,,,,,,22.6,,,,,
23.4,,,,23.8,,,,,,,,22.9,,,,,
23.6,,,,24.7,,,,,,,,,,,,,
21.7,,,,22.1,,,,,,,,20.4,,,,,
21.1,,,,21.7,,,,,,,,,,,,,
21.4,,,,22.2,,,,,,,,,,,,,
18.0,,,,19.7,,,,,,,,,,,,,
19.8,,,,20.8,,,,,,,,,,,,,
22.0,,,,22.8,,,,,,,,,,,,,
23.3,,,,23.8,,,,,,,,,,,,,
20.6,,,,21.3,,,,,,,,19.7,,,,20.6,
20.2,,,,20.9,,,,,,,,,,,,,
20.7,,,,21.6,,,,,,,,,,,,,
22.1,,,,23.0,,,,,,,,,,,,,
23.2,,,,23.6,,,,,,,,,,,,,
22.8,,,,23.6,,,,,,,,,,,,,
23.5,,,,24.1,,,,,,,,,,,,,
24.1,,,,24.2,,,,,,,,,,,,,
25.1,,,,24.5,,,,,,,,,,,,,
23.6,,,,24.5,,,,,,,,23.0,,,,,
23.6,,,,24.4,,,,,,,,,,,,,
23.8,,,,24.5,,,,,,,,,,,,,
23.2,,,,23.9,,,,,,,,,,,,,
23.8,,,,24.4,,,,,,,,,,,,,
22.7,,,,23.9,,,,,,,,,,,,,
21.6,,,,22.0,,,,,,,,,,,,,
21.1,,,,21.6,,,,,,,,,,,,,
21.1,,,,21.4,,,,,,,,,,,,,
20.1,,,,20.9,,,,,,,,18.6,,,,,
20.3,,,,21.0,,,,,,,,18.6,,,,,
20.6,,,,21.4,,,,,,,,,,,,,
20.9,,,,21.8,,,,,,,,,,,,,
21.6,,,,22.8,,,,,,,,21.3,,,,,
23.4,,,,24.1,,,,,,,,,,,,,
24.0,,,,24.8,,,,,,,,,,,,,
23.9,,,,24.8,,,,,,,,,,,,,
22.8,,,,24.0,,,,,,,,,,,,,
23.3,,,,23.8,,,,,,,,,,,,,
23.4,,,,23.8,,,,,,,,,,,,,
23.1,,,,23.6,,,,,,,,,,,,,
24.0,,,,24.4,,,,,,,,,,,,,
23.4,,,,24.4,,,,,,,,,,,,,
23.3,,,,24.5,,,,,,,,,,,,,
22.5,,,,23.1,,,,,,,,,,,,,
21.3,,,,22.1,,,,,,,,19.4,,,,,
22.1,,,,23.0,,,,,,,,,,,,,
22.8,,,,23.6,,,,,,,,,,,,,
22.1,,,,22.2,,,,,,,,,,,,,
20.6,,,,21.6,,,,,,,,18.7,,,,,
21.1,,,,22.0,,,,,,,,,,,,,
20.7,,,,21.9,,,,,,,,21.6,,,,,
19.9,,,,21.3,,,,,,,,,,,,,
21.7,,,,22.5,,,,,,,,21.5,,,,,
21.1,,,,21.7,,,,,,,,,,,,,
19.9,,,,20.6,,,,,,,,,,,,,
19.9,,,,20.7,,,,,,,,,,,,,
20.8,,,,21.3,,,,,,,,,,,,,
20.8,,,,21.4,,,,,,,,,,,,,
20.9,,,,22.0,,,,,,,,,,,,,
20.7,,,,21.6,,,,,,,,,,,,,
20.7,,,,20.9,,,,,,,,,,,,,
21.1,,,,21.5,,,,,,,,,,,,,
20.2,,,,20.3,,,,,,,,,,,,,
19.4,,,,19.6,,,,,,,,,,,,,
18.6,,,,19.4,,,,,,,,,,,,,
19.1,,,,19.5,,,,,,,,,,,,,
19.3,,,,20.1,,,,,,,,18.2,,,,,
20.0,,,,20.3,,,,,,,,,,,,,
19.9,,,,20.6,,,,,,,,18.4,,,,,
19.1,,,,19.9,,,,,,,,,,,,,
19.8,,,,20.8,,,,,,,,,,,,,
20.6,,,,21.7,,,,,,,,,,,,,
19.6,,,,19.7,,,,,,,,,,,,,
17.1,,,,18.3,,,,,,,,,,,,,
16.3,,,,16.6,,,,,,,,,,,,,
16.4,,,,16.8,,,,,,,,15.4,,,,,
16.9,,,,17.2,,,,,,,,,,,,,
17.9,,,,18.4,,,,,,,,15.9,,,,,
20.0,,,,20.0,,,,,,,,,,,,,
19.4,,,,20.6,,,,,,,,,,,,,
19.9,,,,20.5,,,,,,,,,,,,,
18.3,,,,19.3,,,,,,,,,,,,,
18.9,,,,20.2,,,,,,,,,,,,,
19.1,,,,19.9,,,,,,,,,,,,,
18.8,,,,19.1,,,,,,,,,,,,,
18.8,,,,19.5,,,,,,,,,,,,,
18.6,,,,19.2,,,,,,,,17.3,,,,,
18.7,,,,19.8,,,,,,,,,,,,,
19.8,,,,21.1,,,,,,,,,,,,,
19.8,,,,20.2,,,,,,,,,,,,,
18.1,,,,19.0,,,,,,,,18.2,,,,,
16.7,,,,16.1,,,,,,,,,,,,,
15.4,,,,15.5,,,,,,,,,,,,,
15.4,,,,16.0,,,,,,,,,,,,,
15.9,,,,16.6,,,,,,,,,,,,,
15.6,,,,16.5,,,,,,,,,,,,,
15.8,,,,16.5,,,,,,,,,,,,,
16.2,,,,17.0,,,,,,,,,,,,,
17.4,,,,17.8,,,,,,,,,,,,,
19.5,,,,20.0,,,,,,,,,,,,,
20.1,,,,20.6,,,,,,,,,,,,,
19.2,,,,19.7,,,,,,,,17.6,,,,,
19.1,,,,19.6,,,,,,,,,,,,,
19.0,,,,20.0,,,,,,,,,,,,,
20.6,,,,21.0,,,,,,,,18.8,,,,,
21.3,,,,21.0,,,,,,,,,,,,,
20.1,,,,20.4,,,,,,,,,,,,,
19.8,,,,20.4,,,,,,,,,,,,,
20.6,,,,21.1,,,,,,,,,,,,,
19.9,,,,20.3,,,,,,,,,,,,,
20.0,,,,20.1,,,,,,,,,,,,,
20.0,,,,20.4,,,,,,,,,,,,,
18.7,,,,19.4,,,,,,,,,,,,,
17.1,,,,16.8,,,,,,,,,,,,,
16.2,,,,17.2,,,,,,,,,,,,,
16.9,,,,18.2,,,,,,,,15.7,,,,,
20.3,,,,20.5,,,,,,,,,,,,,
19.1,,,,18.9,,,,,,,,,,,,,
17.9,,,,17.9,,,,,,,,,,,,,
17.2,,,,17.3,,,,,,,,,,,,,
16.9,,,,16.9,,,,,,,,,,,,,
17.9,,,,18.3,,,,,,,,,,,,,
18.9,,,,19.4,,,,,,,,,,,,,
19.4,,,,18.9,,,,,,,,,,,,,
18.8,,,,19.3,,,,,,,,,,,,,
16.9,,,,18.0,,,,,,,,,,,,,
17.7,,,,18.5,,,,,,,,18.0,,,,,
18.7,,,,18.8,,,,,,,,,,,,,
19.4,,,,20.4,,,,,,,,,,,,,
19.6,,,,19.6,,,,,,,,,,,,,
19.5,,,,19.8,,,,,,,,,,,,,
19.4,,,,19.8,,,,,,,,,,,,,
18.7,,,,18.9,,,,,,,,,,,,,
18.6,,,,18.7,,,,,,,,,,,,,
19.6,,,,19.5,,,,,,,,,,,,,
19.3,,,,19.6,,,,,,,,,,,,,
18.8,,,,18.9,,,,,,,,,,,,,
19.1,,,,19.9,,,,,,,,,,,,,
18.6,,,,19.1,,,,,,,,,,,,,
19.0,,,,19.4,,,,,,,,,,,,,
20.1,,,,20.3,,,,,,,,,,,,,
19.9,,,,20.7,,,,,,,,,,,,,
19.5,,,,19.9,,,,,,,,,,,,,
18.6,,,,19.4,,,,,,,,,,,,,
17.8,,,,18.2,,,,,,,,,,,,,
16.9,,,,17.9,,,,,,,,,,,,,
18.0,,,,19.5,,,,,,,,,,,,,
20.1,,,,20.5,,,,,,,,,,,,,
19.2,,,,19.8,,,,,,,,,,,,,
18.6,,,,18.8,,,,,,,,,,,,,
17.7,,,,18.4,,,,,,,,,,,,,
18.6,,,,19.6,,,,,,,,,,,,,
18.8,,,,19.6,,,,,,,,17.9,,,,,
19.9,,,,19.8,,,,,,,,,,,,,
19.4,,,,20.1,,,,,,,,,,,,,
19.8,,,,21.0,,,,,,,,,,,,,
19.8,,,,20.8,,,,,,,,,,,,,
18.7,,,,19.4,,,,,,,,,,,,,
18.0,,,,18.3,,,,,,,,,,,,18.3,
17.3,,,,17.7,,,,,,,,,,,,,
16.5,,,,16.6,,,,,,,,,,,,,
16.3,,,,16.4,,,,,,,,,,,,,
16.9,,,,16.8,,,,,,,,,,,,,
17.1,,,,17.5,,,,,,,,,,,,,
17.2,,,,17.9,,,,,,,,,,,,,
17.6,,,,18.3,,,,,,,,,,,,,
17.8,,,,18.9,,,,,,,,,,,,,
19.7,,,,20.1,,,,,,,,17.0,,,,,
19.1,,,,20.1,,,,,,,,,,,,,
19.3,,,,20.4,,,,,,,,,,,,,
19.9,,,,21.1,,,,,,,,,,,,,
20.7,,,,21.9,,,,,,,,19.3,,,,,
20.9,,,,20.8,,,,,,,,18.5,,,,,
21.9,,,,22.7,,,,,,,,19.7,,,,,
22.4,,,,22.9,,,,,,,,,,,,,
22.3,,,,22.8,,,,,,,,,,,,,
21.9,,,,22.8,,,,,,,,,,,,,
22.9,,,,23.6,,,,,,,,,,,,,
19.4,,,,19.0,,,,,,,,,,,,,
13.5,,,,14.8,,,,,,,,,,,,,
14.6,,,,15.8,,,,,,,,,,,,,
16.1,,,,16.0,,,,,,,,,,,,,
15.8,,,,16.1,,,,,,,,,,,,,
16.7,,,,17.3,,,,,,,,,,,,,
18.9,,,,19.2,,,,,,,,17.6,,,,,
20.4,,,,20.8,,,,,,,,18.1,,,,,
20.1,,,,20.8,,,,,,,,18.5,,,,,
21.2,,,,22.1,,,,,,,,,,,,,
22.0,,,,22.6,,,,,,,,19.9,,,,,
22.3,,,,22.5,,,,,,,,20.6,,,,,
21.3,,,,21.6,,,,,,,,,,,,,
20.6,,,,21.0,,,,,,,,,,,,,
21.6,,,,22.1,,,,,,,,18.6,,,,,
21.8,,,,22.3,,,,,,,,19.3,,,,,
21.4,,,,21.5,,,,,,,,18.8,,,,,
22.2,,,,22.8,,,,,,,,19.0,,,,,
23.0,,,,23.6,,,,,,,,19.9,,,,,
23.4,,,,24.2,,,,,,,,20.7,,,,,
23.4,,,,23.6,,,,,,,,19.8,,,,,
23.5,,,,24.2,,,,,,,,20.6,,,,,
23.4,,,,23.9,,,,,,,,20.5,,,,,
22.1,,,,22.7,,,,,,,,19.9,,,,,
22.3,,,,23.1,,,,,,,,19.7,,,,,
22.7,,,,23.5,,,,,,,,20.7,,,,,
23.1,,,,23.6,,,,,,,,20.5,,,,,
22.9,,,,24.2,,,,,,,,19.7,,,,,
24.9,,,,25.7,,,,,,,,21.8,,,,,
27.0,,,,27.6,,,,,,,,23.2,,,,,
26.2,,,,25.8,,,,,,,,23.2,,,,,
22.5,,,,23.0,,,,,,,,20.0,,,,,
20.1,,,,20.2,,,,,,,,18.3,,,,,
18.2,,,,19.5,,,,,,,,17.2,,,,,
20.3,,,,21.6,,,,,,,,19.4,,,,,
22.6,,,,23.3,,,,,,,,,,,,,
23.4,,,,23.6,,,,,,,,20.7,,,,,
24.9,,,,25.4,,,,,,,,22.5,,,,,
27.1,,,,26.8,,,,,,,,24.9,,,,,
28.1,,,,27.5,,,,,,,,24.9,,,,,
28.1,,,,28.3,,,,,,,,,,,,,
26.9,,,,27.8,,,,,,,,,,,,,
27.2,,,,28.1,,,,,,,,24.2,,,,,
28.3,,,,28.8,,,,,,,,25.7,,,,,
27.6,,,,27.3,,,,,,,,24.4,,,,,
26.4,,,,26.6,,,,,,,,23.2,,,,,
27.2,,,,28.0,,,,,,,,25.3,,,,,
28.9,,,,28.9,,,,,,,,26.4,,,,,
27.9,,,,28.7,,,,,,,,26.1,,,,,
27.7,,,,28.0,,,,,,,,23.8,,,,,
26.2,,,,26.1,,,,,,,,22.0,,,,,
21.7,,,,22.3,,,,,,,,16.2,,,,,
20.1,,,,21.9,,,,,,,,17.1,,,,,
22.6,,,,23.4,,,,,,,,20.9,,,,,
24.8,,,,25.1,,,,,,,,23.2,,,,,
22.1,,,,24.3,,,,,,,,23.1,,,,,
21.5,,,,22.2,,,,,,,,18.8,,,,,
19.1,,,,20.3,,,,,,,,17.5,,,,,
19.2,,,,20.8,,,,,,,,18.3,,,,,
18.7,,,,19.9,,,,,,,,18.9,,,,,
18.2,,,,19.9,,,,,,,,18.3,,,,,
19.9,,,,21.1,,,,,,,,20.5,,,,,
21.2,,,,21.2,,,,,,,,21.0,,,,,
19.7,,,,20.6,,,,,,,,18.4,,,,,
18.4,,,,19.8,,,,,,,,18.6,,,,,
19.1,,,,20.3,,,,,,,,19.2,,,,,
20.8,,,,22.0,,,,,,,,20.9,,,,,
23.4,,,,24.2,,,,,,,,22.8,,,,,
25.4,,,,25.8,,,,,,,,24.8,,,,,
25.0,,,,25.0,,,,,,,,24.6,,,,,
23.6,,,,23.6,,,,,,,,21.4,,,,,
18.8,,,,20.4,,,,,,,,17.5,,,,21.3,
19.3,,,,20.4,,,,,,,,18.1,,,,21.0,
19.4,,,,20.6,,,,,,,,,,,,20.6,
19.8,,,,20.2,,,,,,,,18.3,,,,,
19.9,,,,20.6,,,,,,,,18.4,,,,,
21.9,,,,22.4,,,,,,,,,,,,,
24.2,,,,24.2,,,,,,,,20.8,,,,,
24.6,,,,25.3,,,,,,,,22.5,,,,25.6,
25.6,,,,25.7,,,,,,,,23.5,,,,25.1,
24.7,,,,25.3,,,,,,,,24.2,,,,,
22.7,,,,23.9,,,,,,,,22.5,,,,,
23.0,,,,23.5,,,,,,,,21.8,,,,,
20.9,,,,22.7,,,,,,,,21.0,,,,,
20.7,,,,22.1,,,,,,,,20.4,,,,,
21.6,,,,22.3,,,,,,,,21.8,,,,,
22.5,,,,24.1,,,,,,,,24.1,,,,22.8,
23.4,,,,23.9,,,,,,,,,,,,,
23.7,,,,24.6,,,,,,,,24.7,,,,,
23.1,,,,23.6,,,,,,,,,,,,,
22.8,,,,22.9,,,,,,,,23.1,,,,,
23.3,,,,23.8,,,,,,,,,,,,,
22.8,,,,22.5,,,,,,,,19.5,,,,23.4,
22.2,,,,22.6,,,,,,,,21.4,,,,23.2,
22.6,,,,22.6,,,,,,,,20.7,,,,,
22.2,,,,22.3,,,,,,,,21.3,,,,,
22.7,,,,22.5,,,,,,,,21.1,,,,,
22.9,,,,23.2,,,,,,,,22.8,,,,,
23.3,,,,23.4,,,,,,,,22.5,,,,,
23.6,,,,23.2,,,,,,,,22.7,,,,,
23.7,,,,24.0,,,,,,,,22.2,,,,23.1,
23.5,,,,24.6,,,,,,,,,,,,,
24.8,,,,25.2,,,,,,,,23.4,,,,,
23.7,,,,24.0,,,,,,,,22.5,,,,,
22.2,,,,23.6,,,,,,,,22.0,,,,,
24.2,,,,24.7,,,,,,,,23.5,,,,,
24.6,36.1,,,24.7,,,,,,,,24.9,,,,23.5,
23.1,4.1,,,23.5,,,,,,,,21.8,,,,22.3,
22.3,0.3,,,22.8,,,,,,,,22.5,,,,,
22.7,11.9,,,24.0,,,,,,,,22.5,,,,,
22.3,55.1,,,22.0,,,,,,,,,,,,,
20.4,41.9,,,21.0,,,,,,,,,,,,,
22.2,7.9,,,23.4,,,,,,,,21.5,,,,,
23.6,14.0,,,24.2,,,,,,,,23.7,,,,21.2,
25.1,5.1,,,25.5,,,,,,,,23.4,,,,21.6,
24.7,0.0,,,24.7,,,,,,,,21.9,,,,,
25.3,,,,25.6,,,,,,,,22.6,,,,,
25.4,,,,26.0,,,,,,,,23.7,,,,,
25.0,,,,24.9,,,,,,,,,,,,,
23.6,6.1,,,24.3,,,,,,,,22.9,,,,,
24.6,29.0,,,24.7,,,,,,,,,,,,23.4,
23.6,8.9,,,24.6,,,,,,,,24.3,,,,22.7,
24.6,0.0,,,25.0,,,,,,,,25.0,,,,,
23.6,3.0,,,24.3,,,,,,,,24.5,,,,,
22.9,9.9,,,23.2,,,,,,,,21.7,,,,,
21.9,0.0,,,22.1,,,,,,,,19.5,,,,,
21.9,37.1,,,22.2,,,,,,,,20.1,,,,20.0,
22.4,4.1,,,22.7,,,,,,,,21.8,,,,,
23.8,0.3,,,24.3,,,,,,,,22.6,,,,21.2,
23.4,0.0,,,24.0,,,,,,,,21.8,,,,,
23.8,,,,23.6,,,,,,,,22.6,,,,,
24.1,,,,23.8,,,,,,,,22.2,,,,,
25.2,,,,25.6,,,,,,,,22.7,,,,,
25.4,35.1,,,24.9,,,,,,,,23.8,,,,,
22.2,26.9,22.9,7.5,23.0,,20.0,7.0,,,22.9,5.6,21.4,5.3,,,21.1,12.3
21.6,49.0,21.8,25.9,22.2,,19.0,25.0,,,22.3,15.8,21.4,30.7,,,20.4,5.5
21.3,36.1,21.4,7.9,21.9,,19.0,7.4,,,21.9,10.7,20.5,2.5,,,21.5,10.5
24.3,0.0,23.8,2.7,24.6,,20.6,0.4,,,24.1,0.4,22.4,0.7,,,23.3,1.4
23.8,3.0,23.5,2.8,23.9,,21.5,2.2,,,23.6,0.2,23.0,0.4,,,23.3,3.5
23.7,19.1,24.8,15.4,24.1,,21.7,8.6,,,23.6,22.9,23.0,1.5,,,22.1,12.6
23.4,0.0,24.5,2.3,24.6,,21.3,0.4,,,24.2,2.1,23.0,4.1,,,23.5,1.2
23.6,29.0,23.4,7.7,23.7,,21.2,4.3,,,23.4,4.4,23.3,20.0,,,23.9,7.2
23.6,18.0,23.6,4.9,24.3,,20.9,9.3,,,24.0,5.8,23.3,14.5,,,21.9,8.2
25.4,0.0,24.7,2.6,25.8,,21.3,3.2,,,24.9,2.7,23.6,2.8,,,23.4,5.9
24.9,2.9,24.7,3.9,24.9,,21.1,6.4,,,24.7,2.9,24.8,1.1,,,23.3,5.3
24.4,0.7,24.3,0.4,24.8,,21.0,1.1,,,23.8,1.2,23.1,2.8,,,23.4,5.0
24.3,0.2,23.5,0.2,24.8,,20.2,0.4,,,23.6,0.4,22.4,0.5,,,20.4,10.9
24.0,0.9,22.5,1.9,23.8,,19.8,1.7,,,23.2,1.6,22.1,3.6,,,20.9,25.8
21.8,61.0,22.4,1.0,23.0,,19.7,1.3,,,22.0,1.4,22.4,1.2,,,20.7,7.6
23.4,0.0,23.1,0.1,23.8,,20.2,1.5,,,22.7,0.3,22.4,0.0,,,21.7,5.6
23.6,0.0,23.5,0.0,24.2,,20.8,0.0,,,23.5,0.0,21.3,0.0,,,23.8,2.2
24.3,0.0,23.6,0.0,24.5,,20.8,0.0,,,23.5,0.0,21.8,0.0,,,24.6,0.0
24.3,0.0,23.9,0.0,24.6,,20.9,0.0,,,23.6,0.0,23.5,0.0,,,24.4,0.0
23.9,0.0,23.2,0.0,23.6,,20.5,0.0,,,23.6,0.0,22.2,0.6,,,23.7,0.0
23.6,0.0,23.4,0.0,23.7,,20.5,0.0,,,23.6,0.0,21.6,1.5,,,22.8,0.0
23.6,6.1,22.7,0.0,23.4,,20.3,0.0,,,23.2,0.0,22.2,0.4,,,23.3,0.0
23.8,0.0,23.3,0.5,23.8,,20.3,1.2,,,23.4,0.3,22.0,0.5,,,23.8,0.0
24.8,0.0,24.0,0.1,24.4,,21.5,0.0,,,24.0,0.1,22.7,0.0,,,23.7,0.2
24.5,0.0,24.5,0.0,24.6,,21.8,0.0,,,24.3,0.0,22.7,0.0,,,23.5,0.7
24.3,0.0,24.2,0.0,24.4,,21.7,0.0,,,24.1,0.0,22.3,0.0,,,24.4,0.0
24.5,0.0,25.1,0.0,24.7,,22.4,0.0,,,24.5,0.0,22.2,0.0,,,23.9,0.0
24.7,0.0,25.3,0.0,24.7,,22.7,0.0,,,24.3,0.0,22.6,0.0,,,24.6,0.0
24.9,0.0,26.0,0.1,25.7,,22.7,0.3,,,25.4,0.1,23.6,0.0,,,26.0,0.0
25.1,0.0,25.2,0.0,25.4,,22.8,0.0,,,25.0,0.0,22.5,0.0,,,26.0,0.2
24.7,0.0,24.7,0.0,24.8,,22.3,0.0,,,24.6,0.0,22.4,0.0,,,22.8,0.8
25.1,0.5,25.4,0.8,25.3,,22.3,0.7,,,25.5,0.5,23.0,0.7,,,22.4,3.7
25.6,0.1,25.6,0.2,26.0,,23.0,0.4,,,25.9,0.2,23.8,0.9,,,23.3,1.3
26.1,0.9,26.0,0.6,26.2,,22.6,1.5,,,26.0,1.0,23.2,0.0,,,23.0,4.6
21.9,20.1,22.5,26.8,22.0,,21.0,24.3,,,21.9,14.4,21.8,6.7,,,21.4,19.4
21.4,23.1,21.3,65.6,21.9,,19.2,51.7,,,21.1,36.7,21.8,30.1,,,20.3,13.9
20.2,53.1,19.7,26.3,19.6,,18.4,26.6,,,20.3,90.0,18.9,33.9,,,22.3,6.0
19.9,121.9,20.4,4.4,20.7,,18.2,8.7,,,20.2,13.9,19.8,47.0,,,20.4,5.9
20.7,0.0,21.0,3.1,21.6,,18.0,6.0,,,20.6,5.7,19.7,22.4,,,21.1,2.2
19.4,4.3,22.3,6.7,22.8,,19.0,7.3,,,21.5,2.5,21.2,2.4,,,21.8,1.3
22.6,8.4,22.6,11.4,23.4,,19.4,4.6,,,22.4,15.7,21.1,10.5,,,21.1,9.4
21.1,11.1,21.5,6.4,22.2,,19.5,10.0,,,21.8,5.7,21.5,10.1,,,19.2,7.0
24.4,0.3,22.4,1.5,23.2,,19.7,3.6,,,22.7,0.6,22.1,1.0,,,21.0,5.9
21.9,39.9,22.0,7.3,22.4,,20.0,11.9,,,22.1,4.7,22.4,5.0,,,22.2,5.8
22.8,0.0,23.0,13.2,23.6,,19.8,11.9,,,22.7,10.9,22.3,18.2,,,20.1,9.9
24.6,0.5,23.3,4.2,24.4,,20.1,4.3,,,23.5,4.7,22.4,10.5,,,22.9,1.5
22.6,15.0,22.7,5.1,22.9,,20.1,6.0,,,22.0,10.0,22.4,3.8,,,22.2,0.2
22.3,10.9,21.7,28.2,22.8,,19.1,32.2,,,22.6,35.0,22.3,14.9,,,21.9,7.3
21.0,0.0,22.2,32.3,23.0,,19.3,43.4,,,21.3,40.0,22.1,37.7,,,23.5,1.1
22.5,22.4,22.7,11.8,23.2,,19.7,15.9,,,22.3,16.1,22.0,75.5,,,24.1,0.8
24.7,15.6,22.7,11.5,23.6,,19.3,17.4,,,22.9,13.6,22.2,14.8,,,22.5,7.1
22.4,51.1,22.8,9.8,22.8,,19.3,8.5,,,22.1,9.4,21.7,14.4,,,22.8,6.9
22.8,4.1,22.6,0.9,23.0,,19.3,1.5,,,22.6,1.1,21.8,1.3,,,22.5,1.7
23.5,29.0,23.6,0.3,23.6,,20.9,0.5,,,23.3,0.0,22.4,0.0,,,23.9,0.1
24.5,0.0,23.6,0.0,24.3,,21.1,0.0,,,23.7,0.0,21.7,0.0,,,22.2,0.0
22.1,4.3,21.4,6.2,21.9,,19.2,3.5,,,21.0,10.7,20.4,8.3,,,20.1,12.3
20.9,13.0,21.1,0.7,21.4,,18.7,0.3,,,21.1,0.4,21.3,2.1,,,19.4,11.6
21.5,2.0,21.1,0.2,21.7,,19.2,0.3,,,21.3,1.2,21.6,2.3,,,21.6,0.9
22.2,0.0,21.6,0.1,22.4,,19.0,0.2,,,21.9,0.2,22.4,2.3,,,22.0,0.9
22.1,0.0,21.4,0.0,22.3,,19.1,0.0,,,21.5,0.0,22.5,0.1,,,21.9,0.1
23.3,0.0,22.7,0.0,23.5,,19.8,0.0,,,23.1,0.0,22.1,0.0,,,22.6,0.0
23.8,0.0,22.9,0.0,24.0,,20.4,0.0,,,23.1,0.0,22.0,0.0,,,23.2,0.2
24.2,0.0,24.1,0.0,24.3,,21.2,0.1,,,23.4,0.0,22.9,0.0,,,21.4,1.7
23.9,1.0,23.5,2.1,23.7,,20.8,3.8,,,22.9,2.7,23.0,2.0,,,20.6,4.2
21.9,7.1,22.1,5.3,22.4,,19.4,13.1,,,22.8,3.4,21.0,10.6,,,21.0,10.1
22.6,40.9,22.4,16.7,23.0,,19.3,12.4,,,22.8,18.6,21.3,14.5,,,19.9,13.8
21.3,0.3,21.2,9.4,21.8,,19.0,11.6,,,21.3,12.3,21.2,20.3,,,20.4,2.3
21.4,23.9,20.8,6.4,21.9,,18.9,10.0,,,21.0,7.7,21.8,12.3,,,20.3,0.8
22.8,8.9,22.8,5.1,23.5,,19.7,4.6,,,23.0,8.4,22.6,5.2,,,22.3,0.5
23.9,0.0,23.2,7.6,23.9,,20.5,5.4,,,23.7,2.2,23.6,2.2,,,23.4,0.9
23.8,0.3,23.9,0.7,24.1,,20.4,1.1,,,23.5,0.2,22.3,3.4,,,21.7,3.0
22.9,0.0,22.4,0.0,23.4,,19.6,0.0,,,21.9,0.0,21.5,0.0,,,20.9,8.3
22.8,0.0,22.3,0.0,22.9,,19.7,0.0,,,22.3,0.0,21.1,0.0,,,22.4,0.4
23.0,0.0,22.6,0.0,23.4,,19.9,0.0,,,22.6,0.0,21.5,0.0,,,23.8,0.1
26.1,0.0,23.0,0.0,23.8,,20.0,0.0,,,22.4,0.0,21.0,0.0,,,23.3,0.5
23.3,0.0,23.2,0.0,23.8,,20.5,0.0,,,22.9,0.0,21.5,0.0,,,23.3,0.0
23.7,0.6,23.2,0.3,24.4,,20.4,0.0,,,23.4,0.2,22.2,1.4,,,22.5,3.1
23.6,0.0,22.6,0.2,23.7,,20.1,0.5,,,22.9,0.3,21.5,0.7,,,23.1,0.1
22.2,0.0,22.4,0.0,22.6,,20.3,0.0,,,22.3,0.1,21.5,0.4,,,22.5,0.0
24.0,0.0,23.3,0.1,24.0,,21.1,0.0,,,23.6,0.0,22.2,0.0,,,22.9,1.3
24.4,0.0,24.4,0.0,24.7,,22.1,0.0,,,23.8,0.0,22.9,0.1,,,23.9,0.0
25.0,0.0,24.5,0.0,25.2,,22.3,0.0,,,24.3,0.0,23.0,0.0,,,24.4,0.0
25.2,0.0,24.5,0.2,25.2,,21.8,1.3,,,24.4,0.3,23.0,1.6,,,24.2,0.0
24.8,0.1,24.3,0.1,25.5,,21.7,1.0,,,24.2,0.0,22.7,0.5,,,24.5,0.3
25.0,0.0,25.0,0.0,25.9,,22.7,0.2,,,24.8,0.0,23.1,0.0,,,24.3,0.2
24.9,0.2,25.2,0.2,25.1,,22.2,0.6,,,24.9,0.3,23.1,0.0,,,23.5,0.0
22.4,0.1,23.8,0.2,22.8,,22.0,0.6,,,22.8,0.3,23.1,0.8,,,23.2,0.1
23.2,0.9,24.5,3.3,23.6,,21.8,1.5,,,23.2,2.1,22.1,1.2,,,22.1,2.2
23.5,1.3,23.0,4.3,23.8,,20.6,0.8,,,23.8,10.6,21.7,11.7,,,22.0,0.1
23.7,0.4,22.8,0.5,24.2,,20.2,1.1,,,23.2,0.4,21.9,1.0,,,21.7,0.1
22.8,0.4,22.8,0.3,23.3,,19.5,0.6,,,22.5,0.2,20.8,0.0,,,22.3,0.0
23.3,8.1,22.9,7.2,23.5,,19.4,6.6,,,22.6,4.1,21.6,2.3,,,22.3,0.4
22.5,8.4,22.2,3.2,23.1,,19.2,2.1,,,22.7,3.4,21.4,0.1,,,22.3,0.2
21.7,0.0,20.9,0.0,22.1,,18.4,0.0,,,21.4,0.0,20.2,0.0,,,21.5,1.3
21.5,0.0,21.2,0.0,21.8,,18.2,0.4,,,21.3,0.0,20.5,0.7,,,20.6,7.5
21.3,1.1,20.8,2.8,21.5,,18.2,5.9,,,21.1,2.2,19.5,1.8,,,20.1,18.0
20.7,0.5,19.7,0.0,20.5,,17.2,0.0,,,20.0,0.0,19.7,0.2,,,19.4,0.0
20.8,0.0,19.8,0.0,20.7,,17.4,0.0,,,20.1,0.0,18.9,0.3,,,19.7,0.0
20.7,0.0,20.5,0.0,20.3,,17.7,0.0,,,20.4,0.0,18.6,0.0,,,19.1,0.0
21.3,0.0,21.4,0.0,21.0,,18.7,0.0,,,20.9,0.0,18.8,0.0,,,20.9,0.0
21.9,0.0,22.1,0.0,21.3,,20.6,0.0,,,21.7,0.0,20.0,0.0,,,21.9,0.0
22.1,0.0,22.4,0.0,21.4,,19.9,0.0,,,21.6,0.0,18.0,2.1,,,22.4,0.0
21.4,0.0,21.3,0.0,22.1,,18.1,0.2,,,20.9,0.0,19.1,0.7,,,22.4,0.1
20.3,0.0,20.1,0.0,20.3,,17.3,0.0,,,19.6,0.0,18.0,0.0,,,21.5,0.1
19.9,0.0,19.7,0.0,19.8,,17.1,0.0,,,19.2,0.0,17.7,0.1,,,21.0,0.0
20.1,0.0,20.6,0.0,20.0,,18.4,0.0,,,19.7,0.0,17.9,0.0,,,21.0,0.0
21.8,0.0,21.6,0.1,21.7,,19.5,0.7,,,21.5,0.0,19.3,0.7,,,20.8,1.1
22.4,2.5,22.4,0.9,22.8,,19.4,2.5,,,22.8,0.6,19.9,6.5,,,20.7,0.3
22.0,0.0,21.9,0.0,22.3,,19.0,0.0,,,21.4,0.0,19.0,0.0,,,20.3,0.0
21.5,0.0,21.6,0.0,21.2,,18.8,0.0,,,20.8,0.0,18.5,0.0,,,20.6,0.0
21.4,0.0,21.8,0.0,21.7,,18.8,0.0,,,21.5,0.0,19.2,0.1,,,20.7,0.0
21.8,0.0,22.0,0.0,21.5,,19.2,0.0,,,21.7,0.0,19.1,0.0,,,21.0,0.0
22.4,0.0,22.9,0.0,21.4,,20.5,0.0,,,22.1,0.0,19.1,0.0,,,21.3,0.0
23.0,0.0,23.4,0.0,22.3,,21.6,0.0,,,22.9,0.0,20.7,0.0,,,21.9,0.0
22.7,0.0,23.6,0.0,22.2,,22.3,0.0,,,22.7,0.0,21.3,0.2,,,21.9,0.0
21.0,3.1,21.5,4.9,21.4,,19.7,6.9,,,20.6,4.3,20.3,18.3,,,22.3,0.8
21.7,2.4,21.6,1.8,21.7,,18.3,2.4,,,21.5,2.5,19.4,1.9,,,21.5,0.0
21.3,0.7,20.9,0.6,21.5,,18.0,1.0,,,21.0,0.3,18.7,1.1,,,21.0,0.0
19.5,0.0,19.6,0.0,20.1,,16.9,0.0,,,19.4,0.0,17.4,0.0,,,20.2,0.3
18.5,0.0,18.7,0.0,19.0,,16.0,0.0,,,18.6,0.0,17.3,0.0,,,19.2,0.0
18.3,0.0,18.6,0.0,18.5,,16.3,0.0,,,18.1,0.0,18.2,0.9,,,18.7,0.0
20.0,0.0,19.5,0.0,19.8,,16.9,0.0,,,19.3,0.0,18.9,1.0,,,19.2,0.0
20.8,0.0,19.8,0.0,20.0,,17.8,0.0,,,19.7,0.0,19.1,0.7,,,20.0,0.0
21.2,0.0,21.4,0.0,20.4,,18.9,0.0,,,20.7,0.0,18.7,0.0,,,20.9,0.0
21.4,0.0,21.9,0.0,20.7,,19.9,0.0,,,21.4,0.0,19.2,0.0,,,20.7,0.0
21.7,0.0,22.4,0.0,21.2,,21.2,0.0,,,22.2,0.0,21.1,0.0,,,20.8,0.0
20.6,1.1,20.2,1.5,20.5,,17.4,1.0,,,20.1,0.6,18.6,0.4,,,21.4,0.0
20.1,0.0,19.4,0.0,20.1,,16.8,0.0,,,19.7,0.0,17.2,0.0,,,20.5,0.0
18.6,0.0,18.6,0.0,18.5,,15.6,0.0,,,18.2,0.0,16.3,0.0,,,19.3,0.0
19.0,0.0,19.1,0.0,18.7,,16.9,0.0,,,18.5,0.0,15.5,0.0,,,19.8,0.0
19.5,0.0,19.6,0.0,19.2,,17.9,0.0,,,19.3,0.0,17.2,0.0,,,20.0,0.0
19.5,0.0,19.7,0.0,19.4,,17.6,0.2,,,19.2,0.0,16.1,0.0,,,19.9,0.0
19.0,0.0,19.0,0.0,19.3,,15.9,0.4,,,18.6,0.0,16.4,0.0,,,19.9,0.0
19.3,0.0,18.4,0.0,19.7,,15.7,0.0,,,19.1,0.0,15.9,0.2,,,19.8,0.1
19.2,0.5,19.2,0.3,19.7,,16.8,0.9,,,18.8,0.0,16.8,0.7,,,19.9,0.1
20.3,0.4,19.9,0.2,19.9,,17.8,0.1,,,20.0,0.2,17.2,0.4,,,19.8,0.0
19.7,0.0,19.9,0.0,19.0,,18.4,0.0,,,19.1,0.0,17.4,0.0,,,19.0,0.0
20.4,0.0,20.5,0.0,19.4,,18.3,0.0,,,20.1,0.0,17.8,0.0,,,19.7,0.0
20.4,0.0,20.6,0.0,19.3,,19.1,0.0,,,20.1,0.0,17.2,0.0,,,20.1,0.0
20.7,0.0,21.1,0.0,19.8,,19.0,0.0,,,20.5,0.0,18.3,0.0,,,20.8,0.0
22.6,0.0,22.8,0.0,22.1,,20.2,0.0,,,22.6,0.0,20.0,0.0,,,20.3,0.4
22.3,0.0,22.7,0.0,22.0,,20.9,0.1,,,22.3,0.0,20.7,0.0,,,18.7,1.6
22.0,0.5,21.9,0.0,20.9,,19.4,0.0,,,22.4,0.0,20.4,0.6,,,19.9,0.0
22.0,0.0,21.6,0.0,21.3,,18.9,0.0,,,21.7,0.0,18.6,0.0,,,20.5,0.0
22.2,1.0,21.7,1.4,22.2,,19.2,1.8,,,21.8,0.3,19.8,0.1,,,21.9,0.1
22.6,0.3,21.9,0.7,22.8,,19.7,2.6,,,22.3,0.5,19.6,0.8,,,22.6,0.0
22.5,0.1,22.0,0.1,22.5,,19.5,0.5,,,22.2,0.0,19.5,0.1,,,22.4,0.4
23.1,0.4,22.8,0.2,22.8,,20.6,0.1,,,22.9,0.0,20.7,0.0,,,21.2,0.3
22.9,0.3,23.1,0.2,22.5,,20.9,0.8,,,22.5,0.2,20.1,1.2,,,20.9,0.2
21.2,1.8,21.6,0.0,21.1,,19.5,1.6,,,21.4,0.0,19.7,0.9,,,19.7,1.3
19.7,2.3,20.2,2.2,19.9,,17.7,2.9,,,20.1,0.9,18.7,0.8,,,19.3,0.3
20.6,0.0,20.7,0.2,20.9,,17.9,0.1,,,20.3,0.0,18.3,0.4,,,20.7,0.3
21.7,0.1,21.2,0.3,21.5,,18.4,0.5,,,21.2,0.0,18.5,0.3,,,21.3,0.1
21.3,0.0,20.4,0.0,20.6,,17.7,0.0,,,20.4,0.0,18.7,0.1,,,20.8,0.0
19.6,0.0,19.2,0.0,19.7,,16.8,0.0,,,18.8,0.0,17.3,0.0,,,19.7,0.0
19.8,0.3,19.7,0.2,19.7,,17.5,0.4,,,19.7,0.7,18.4,0.0,,,19.8,0.0
20.7,0.1,20.8,0.1,20.6,,17.6,0.1,,,20.5,0.0,18.1,0.0,,,20.4,0.0
20.8,0.3,20.8,0.4,20.9,,18.1,0.8,,,20.5,0.0,18.1,0.6,,,21.1,0.0
20.7,0.1,20.6,0.2,20.7,,17.9,0.2,,,20.1,0.0,18.1,0.1,,,21.0,0.3
20.0,0.0,19.5,0.0,19.8,,17.0,0.0,,,19.4,0.0,18.1,0.0,,,20.7,0.2
19.8,0.7,20.1,3.1,20.1,,17.9,1.0,,,19.8,1.5,18.4,3.8,,,18.4,0.9
20.3,2.8,20.0,2.1,20.2,,16.6,2.2,,,20.0,2.2,17.4,2.3,,,18.4,0.0
17.9,0.0,17.7,0.0,18.1,,14.7,0.0,,,17.6,0.0,16.7,0.0,,,18.0,0.0
17.2,0.0,16.6,0.0,16.8,,14.1,0.0,,,16.5,0.0,15.8,0.0,,,18.8,0.0
18.1,0.0,17.7,0.0,17.3,,15.7,0.0,,,17.7,0.0,13.8,0.0,,,19.2,0.2
19.3,0.0,19.2,0.0,18.7,,17.4,0.0,,,18.6,0.0,15.7,0.0,,,18.4,0.0
19.2,0.0,18.8,0.0,18.7,,15.9,0.0,,,19.1,0.0,17.1,1.8,,,18.1,0.0
18.5,0.0,18.1,0.0,18.2,,15.1,0.1,,,17.9,0.0,16.4,0.2,,,18.6,0.0
18.1,0.0,17.4,0.0,18.2,,14.9,0.0,,,17.7,0.0,16.2,0.1,,,19.1,0.0
19.3,0.0,19.0,0.0,18.2,,16.4,0.0,,,19.5,0.0,17.6,0.1,,,19.2,0.0
20.4,0.0,20.4,0.0,19.6,,18.1,0.0,,,20.3,0.0,17.2,0.0,,,19.8,0.0
20.3,0.6,20.5,0.0,19.5,,18.2,0.2,,,20.1,0.0,16.0,0.0,,,21.0,0.0
18.8,0.0,18.3,0.0,18.4,,15.8,0.0,,,18.3,0.0,17.2,0.0,,,19.0,0.0
18.3,0.0,18.0,0.0,17.9,,15.2,0.0,,,17.9,0.0,15.3,0.0,,,19.0,0.0
19.3,0.0,19.3,0.0,19.1,,17.3,0.0,,,18.7,0.0,15.2,0.0,,,20.5,0.0
18.8,0.0,18.3,0.0,18.5,,16.1,0.0,,,17.8,0.0,16.0,0.0,,,19.3,0.0
17.1,0.0,17.1,0.0,16.9,,14.6,0.0,,,16.7,0.0,14.7,0.0,,,17.9,0.0
17.3,0.0,17.3,0.0,16.7,,15.1,0.0,,,16.7,0.0,14.1,0.0,,,18.3,0.0
18.3,0.0,18.1,0.0,16.9,,15.9,0.0,,,18.0,0.0,16.2,0.0,,,14.8,0.0
18.3,0.0,18.5,0.0,17.8,,15.3,0.0,,,18.1,0.0,16.1,0.2,,,13.3,0.0
16.6,0.0,16.5,0.0,17.4,,13.6,0.0,,,16.2,0.0,14.3,0.2,,,15.9,0.0
16.4,0.0,16.0,0.0,16.6,,14.0,0.0,,,16.1,0.0,14.8,0.0,,,17.2,0.0
16.6,0.0,16.5,0.0,15.6,,14.8,0.0,,,16.0,0.0,14.0,0.0,,,17.2,0.0
16.3,0.0,16.6,0.0,16.0,,14.1,0.0,,,15.5,0.0,13.6,0.0,,,16.5,0.0
16.1,0.0,16.0,0.0,15.0,,13.9,0.0,,,15.4,0.0,13.5,0.0,,,16.1,0.0
16.7,0.0,16.3,0.0,16.3,,13.8,0.0,,,16.1,0.0,15.1,0.0,,,16.7,0.0
17.4,0.0,16.6,0.0,17.2,,14.2,0.0,,,16.5,0.0,14.4,0.0,,,17.3,0.0
16.8,0.0,17.2,0.0,16.8,,14.5,0.0,,,16.5,0.0,13.5,0.0,,,17.7,0.0
17.4,0.0,17.7,0.0,17.1,,15.4,0.0,,,17.1,0.0,14.3,0.0,,,17.9,0.0
17.7,0.0,17.3,0.0,16.4,,15.0,0.0,,,17.0,0.0,14.6,0.0,,,17.8,0.0
18.1,0.0,18.0,0.0,16.5,,15.7,0.0,,,17.2,0.0,15.1,0.0,,,17.9,0.0
18.0,0.0,18.0,0.0,16.8,,15.6,0.0,,,17.4,0.0,16.3,0.0,,,18.0,0.0
17.6,0.0,17.8,0.0,17.2,,15.8,0.0,,,17.5,0.0,16.3,0.0,,,18.0,0.0
18.3,0.0,18.6,0.0,17.8,,16.2,0.0,,,18.6,0.0,15.6,0.0,,,18.3,0.0
19.6,0.0,19.4,0.0,18.6,,17.6,0.0,,,19.7,0.0,17.5,0.0,,,19.1,0.0
20.1,0.0,20.4,0.0,19.6,,18.6,0.0,,,20.0,0.0,17.8,0.0,,,20.4,0.0
21.9,0.0,21.4,0.0,20.5,,19.3,0.0,,,21.5,0.0,17.8,0.0,,,20.8,0.0
22.3,0.0,22.4,0.0,21.6,,20.2,0.0,,,22.3,0.0,18.8,0.0,,,20.6,0.0
21.3,0.0,20.6,0.0,20.2,,17.7,0.0,,,20.9,0.0,19.3,0.0,,,15.8,0.0
17.5,0.0,17.0,0.0,16.5,,14.4,0.0,,,16.7,0.0,14.0,0.0,,,15.9,0.0
18.9,0.0,18.7,0.0,19.1,,16.3,0.0,,,18.2,0.0,15.0,0.0,,,19.3,0.0
18.0,0.0,18.3,0.0,18.4,,16.7,0.0,,,17.4,0.0,15.0,0.0,,,20.5,0.0
17.6,0.0,16.9,0.0,17.1,,14.2,0.0,,,16.7,0.0,15.8,0.0,,,18.1,0.0
17.7,0.0,16.7,0.0,17.5,,14.6,0.0,,,16.8,0.0,14.8,0.0,,,17.1,0.0
18.1,0.0,16.9,0.0,17.4,,14.7,0.0,,,17.1,0.0,14.5,0.0,,,17.8,0.0
18.2,0.0,17.8,0.0,18.2,,15.0,0.0,,,17.6,0.0,14.7,0.1,,,18.2,0.0
19.2,0.0,19.1,0.0,17.5,,17.1,0.0,,,19.3,0.0,16.3,0.0,,,19.5,0.0
20.5,0.0,21.7,0.0,20.2,,19.2,0.0,,,21.4,0.0,19.2,0.5,,,17.9,1.1
17.9,0.0,17.0,0.0,17.9,,14.1,0.0,,,17.8,0.0,17.3,0.0,,,11.8,0.0
15.1,0.0,15.4,0.0,15.1,,12.6,0.0,,,14.8,0.0,11.6,0.0,,,14.5,0.0
15.6,0.0,14.9,0.0,15.8,,12.5,0.0,,,14.5,0.0,13.2,0.0,,,16.7,0.0
15.3,0.0,15.2,0.0,15.1,,13.1,0.0,,,14.3,0.0,12.8,0.0,,,17.8,0.0
16.6,0.0,16.6,0.0,16.9,,14.6,0.0,,,16.3,0.0,13.3,0.0,,,18.3,0.0
18.5,0.0,18.9,0.1,19.0,,16.1,0.0,,,17.9,0.0,15.2,0.0,,,19.7,0.0
18.3,0.0,17.5,0.0,18.2,,15.0,0.1,,,17.5,0.0,16.7,0.1,,,18.3,0.0
18.2,0.0,17.3,0.0,18.1,,15.0,0.0,,,17.4,0.0,16.1,0.0,,,17.5,0.0
18.1,0.0,17.7,0.0,18.8,,15.1,0.0,,,17.7,0.0,16.3,0.0,,,18.3,0.0
17.5,0.0,16.8,0.0,17.8,,14.3,0.0,,,17.3,0.0,15.3,0.0,,,17.7,0.0
17.5,0.2,17.3,0.0,18.0,,15.0,0.3,,,17.3,0.1,17.3,0.1,,,17.3,0.0
18.9,0.0,18.8,0.0,19.5,,15.9,0.0,,,18.5,0.0,17.3,0.2,,,19.3,0.0
19.5,0.0,20.2,0.0,20.2,,17.5,0.0,,,19.4,0.0,18.1,0.0,,,21.4,0.0
20.9,0.0,22.0,0.0,21.2,,19.4,0.0,,,21.0,0.0,19.3,0.0,,,22.7,0.0
20.5,0.0,20.1,0.0,19.9,,17.6,0.0,,,19.5,0.0,19.0,0.0,,,21.8,0.0
20.0,0.0,19.6,0.0,19.5,,17.6,0.0,,,19.6,0.0,18.3,0.3,,,20.8,0.0
20.6,0.0,21.0,0.0,20.5,,18.6,0.0,,,20.7,0.0,19.1,0.8,,,21.7,0.0
21.8,0.0,21.9,0.0,21.9,,19.2,0.1,,,21.7,0.0,19.2,0.1,,,22.6,0.0
21.4,0.0,21.4,0.1,21.3,,18.8,0.2,,,21.1,0.0,18.7,1.8,,,23.0,0.0
21.2,7.9,21.0,0.1,21.1,,19.1,0.0,,,21.2,0.0,18.1,1.1,,,21.6,0.0
21.0,0.0,20.2,0.0,20.4,,18.3,0.0,,,20.1,0.0,18.0,0.0,,,22.5,0.0
19.8,0.0,19.4,0.0,20.0,,17.3,0.0,,,19.7,0.0,17.3,0.0,,,21.0,0.0
19.8,0.0,19.6,0.0,19.7,,17.2,0.0,,,19.9,0.0,16.3,0.0,,,20.3,0.0
20.8,0.0,20.5,0.0,20.4,,18.2,0.0,,,20.1,0.0,17.4,0.0,,,21.2,0.0
20.4,0.0,20.2,0.0,20.6,,17.6,0.0,,,20.4,0.0,17.2,0.0,,,21.3,0.0
21.2,0.0,21.3,0.0,20.8,,18.5,0.0,,,20.7,0.0,17.3,0.0,,,22.3,0.0
21.7,0.0,21.8,0.0,21.8,,19.4,0.0,,,21.1,0.0,18.0,0.0,,,23.2,0.0
21.9,0.0,21.5,0.0,21.7,,18.9,0.0,,,21.1,0.0,18.2,0.0,,,23.3,0.0
21.5,0.0,21.5,0.0,21.4,,19.2,0.0,,,21.2,0.0,18.8,0.0,,,24.0,0.0
21.7,0.0,21.6,0.0,22.1,,19.6,0.0,,,21.1,0.0,19.9,0.0,,,24.6,0.0
20.8,0.0,20.6,0.0,20.9,,18.3,0.0,,,20.8,0.0,18.3,6.2,,,21.6,0.0
20.5,0.0,20.1,0.0,20.4,,17.2,0.0,,,20.1,0.0,18.8,0.4,,,20.5,0.0
20.0,0.0,20.1,0.3,20.5,,17.4,0.0,,,20.2,0.0,18.5,0.6,,,19.5,0.0
19.3,1.4,18.5,0.0,20.0,,15.0,1.1,,,18.7,0.7,17.4,4.9,,,19.6,0.0
19.3,1.2,18.9,0.4,19.7,,15.8,3.9,,,18.3,0.2,17.5,1.1,,,19.1,0.0
19.9,1.5,19.2,0.6,20.3,,16.5,1.9,,,19.4,0.8,18.4,1.1,,,20.8,0.0
21.0,0.0,21.0,0.0,21.4,,18.0,0.0,,,20.7,0.0,18.1,0.0,,,22.1,0.0
23.2,0.0,23.0,0.0,23.1,,20.0,0.0,,,22.9,0.0,19.6,0.0,,,24.2,0.0
25.3,0.0,24.9,0.0,24.2,,22.1,0.0,,,24.8,0.0,21.0,0.0,,,25.8,0.0
26.1,0.0,26.3,0.0,25.3,,23.6,0.0,,,25.8,0.0,23.0,0.1,,,26.4,0.0
25.8,0.0,24.6,0.0,25.4,,21.1,0.0,,,24.6,0.0,21.1,0.1,,,26.5,0.0
23.8,0.0,23.4,0.0,24.1,,21.1,0.0,,,23.1,0.0,20.1,0.0,,,26.4,0.0
25.3,0.0,25.8,0.0,24.8,,23.7,0.0,,,24.9,0.0,21.7,0.0,,,26.8,0.0
27.2,0.0,27.0,0.0,26.3,,24.7,0.0,,,26.9,0.0,23.9,0.0,,,26.1,0.2
26.4,0.0,26.0,0.0,26.5,,23.6,0.0,,,26.0,0.0,23.4,0.2,,,25.9,0.0
25.4,0.0,25.3,0.0,25.4,,22.8,0.0,,,24.8,0.0,23.2,0.0,,,26.1,0.0
26.4,0.0,26.3,0.0,25.7,,23.8,0.0,,,26.3,0.0,22.9,0.0,,,26.2,0.0
26.9,0.0,26.7,0.0,25.5,,24.7,0.0,,,26.4,0.0,23.8,0.0,,,26.7,0.0
27.9,0.0,27.7,0.0,26.7,,25.3,0.0,,,27.3,0.0,24.8,0.0,,,26.8,0.0
25.5,0.0,25.3,0.0,25.2,,22.7,0.0,,,24.9,0.0,23.0,0.0,,,27.2,0.0
23.4,0.0,23.6,0.0,23.6,,21.5,0.0,,,23.4,0.0,21.8,0.0,,,24.8,0.0
24.4,0.0,24.6,0.0,24.3,,21.9,0.0,,,24.3,0.0,21.9,0.0,,,25.7,0.0
26.5,0.0,27.1,0.0,27.0,,24.4,0.0,,,26.4,0.0,24.4,0.0,,,28.1,0.0
26.8,0.0,25.7,0.0,26.1,,23.0,0.0,,,25.0,0.0,22.9,0.4,,,28.9,0.0
26.8,0.0,27.2,0.0,26.4,,24.8,0.0,,,26.8,0.0,24.7,0.0,,,28.5,0.0
23.5,0.0,23.3,0.0,23.4,,20.3,0.0,,,23.1,0.0,19.8,0.0,,,26.4,0.0
19.4,0.0,19.6,0.0,19.6,,17.8,0.0,,,18.6,0.0,15.7,0.0,,,23.7,0.0
21.2,0.0,21.4,0.0,21.6,,18.9,0.0,,,21.2,0.0,18.6,0.0,,,24.2,0.0
21.1,0.2,21.8,0.7,21.7,,19.6,0.7,,,20.9,0.0,18.8,0.0,,,24.1,1.3
23.1,3.8,22.9,4.5,23.8,,20.5,5.6,,,23.4,1.4,20.1,0.0,,,23.1,0.4
23.3,1.6,23.9,2.7,24.0,,21.1,5.0,,,22.9,1.2,20.1,0.0,,,24.0,2.3
23.7,0.0,24.1,0.2,24.5,,21.5,0.2,,,24.1,0.0,21.2,0.2,,,23.8,0.0
24.8,0.1,25.8,0.0,25.4,,22.3,0.1,,,24.9,0.0,21.5,0.4,,,24.5,0.0
24.7,0.0,25.5,0.2,25.0,,22.6,0.0,,,24.9,0.1,21.4,0.4,,,23.8,0.1
25.9,3.0,25.8,0.0,26.8,,22.9,0.0,,,26.1,0.0,23.1,0.8,,,25.3,0.1
24.4,0.1,25.1,0.7,24.8,,23.6,1.0,,,25.2,1.1,22.9,1.8,,,23.4,1.0
25.4,0.0,25.3,0.1,25.1,,22.8,0.3,,,25.8,0.3,22.8,0.1,,,25.4,0.1
27.5,0.0,26.8,0.0,27.5,,24.1,0.0,,,27.7,0.0,23.0,0.2,,,24.1,0.1
26.2,1.2,25.8,0.1,26.4,,23.2,0.7,,,26.3,0.8,22.6,0.0,,,25.1,2.3
25.0,0.0,24.5,0.0,25.1,,22.0,0.0,,,24.8,0.0,21.3,0.7,,,25.9,0.3
22.2,1.2,21.5,1.1,22.7,,21.7,1.3,,,22.3,0.9,21.6,13.2,,,23.2,0.1
22.6,0.5,21.9,0.0,22.8,,19.0,0.4,,,21.8,0.0,18.5,1.7,,,23.3,9.5
21.8,4.3,21.0,2.3,21.5,,18.4,4.3,,,21.3,0.5,16.9,6.1,,,23.0,11.8
19.2,15.3,18.5,13.1,19.5,,16.4,16.1,,,19.1,8.1,17.0,34.9,,,19.4,23.9
18.8,14.0,17.4,44.9,18.4,,15.9,42.8,,,17.6,58.1,17.0,35.1,,,20.3,24.9
20.3,5.4,20.0,1.1,20.5,,16.6,4.4,,,20.0,1.5,17.1,11.6,,,21.1,1.8
22.4,0.0,21.5,0.0,22.6,,18.1,0.2,,,22.0,0.0,19.9,3.3,,,22.3,0.2
23.8,1.3,22.8,1.1,24.4,,19.3,1.5,,,23.0,4.1,22.2,0.7,,,21.6,8.2
24.4,4.2,23.0,0.5,24.0,,19.9,3.7,,,24.1,0.8,22.9,2.2,,,22.1,2.8
23.7,8.6,23.4,3.0,23.6,,20.7,6.4,,,23.0,0.5,22.5,16.4,,,22.6,5.7
22.9,7.5,23.0,8.9,23.3,,19.9,11.1,,,23.0,11.7,21.3,26.0,,,23.5,10.3
22.9,29.2,22.0,23.2,22.7,,19.1,18.3,,,22.8,34.5,20.5,28.4,,,21.9,5.6
20.7,80.0,20.5,18.2,20.9,,18.4,16.5,,,20.7,17.2,19.7,30.9,,,20.6,4.0
18.4,12.9,17.7,9.1,18.8,,16.0,15.9,,,18.1,10.0,15.5,8.4,,,21.6,0.5
18.8,29.0,18.8,1.1,19.1,,15.9,1.1,,,18.5,0.7,16.3,0.8,,,19.9,0.4
21.6,0.9,21.7,1.4,22.4,,17.3,1.3,,,21.6,1.3,18.7,2.0,,,22.1,0.3
23.1,0.0,22.6,0.2,23.5,,18.7,0.2,,,22.8,0.7,21.7,1.6,,,24.0,0.0
23.5,9.6,22.0,5.5,23.5,,19.7,7.9,,,22.9,3.2,22.1,5.4,,,22.6,2.2
23.3,0.4,23.1,0.1,23.5,,19.3,1.0,,,22.8,0.1,20.3,3.5,,,23.0,4.0
22.6,4.8,22.7,1.1,23.7,,19.9,0.9,,,22.2,1.8,21.3,6.0,,,21.0,19.0
24.2,0.0,23.9,0.5,24.8,,20.3,0.2,,,23.8,0.0,23.5,0.0,,,23.0,1.8
24.2,0.0,22.8,0.0,24.7,,19.7,0.0,,,22.9,0.0,22.5,0.2,,,22.9,0.0
23.2,0.1,22.1,0.0,23.4,,18.9,0.0,,,22.3,0.0,20.1,2.4,,,22.6,0.4
23.4,2.8,22.3,4.0,23.5,,18.9,3.6,,,22.9,1.0,20.2,3.8,,,21.6,14.6
21.8,9.4,20.9,10.9,22.1,,17.6,10.8,,,21.3,11.6,20.6,10.6,,,19.0,35.0
20.0,51.8,19.8,57.9,20.4,,17.3,37.5,,,20.1,56.7,18.8,52.1,,,20.7,38.9
21.3,67.1,22.3,2.5,22.0,,19.3,3.9,,,21.6,1.7,21.3,4.2,,,21.8,0.8
23.5,0.3,23.7,0.7,23.2,,19.6,1.2,,,22.7,0.3,22.3,0.0,,,23.8,0.0
24.8,0.5,24.1,0.7,25.0,,20.2,0.6,,,23.9,0.8,22.3,1.0,,,24.5,0.0
24.8,0.9,24.2,0.5,24.7,,20.5,0.5,,,23.7,0.1,22.5,1.7,,,25.3,0.0
25.4,0.2,25.2,0.1,25.4,,21.0,0.1,,,24.4,0.1,21.7,0.0,,,26.4,0.1
23.9,1.0,23.9,10.4,24.0,,20.4,6.6,,,23.0,5.0,22.3,4.3,,,24.4,1.6
22.8,9.3,23.3,18.5,23.8,,19.8,9.7,,,23.4,8.5,21.5,6.6,,,23.2,4.8
22.9,8.8,22.4,8.3,23.8,,19.5,11.6,,,22.3,4.8,21.4,9.6,,,22.6,11.4
23.7,8.7,22.8,7.6,24.1,,19.4,5.5,,,23.5,13.1,20.5,20.5,,,21.9,5.0
19.7,22.1,18.6,27.3,19.6,,17.5,17.4,,,18.8,20.2,17.5,13.5,,,19.2,18.4
18.4,23.9,17.4,23.5,18.7,,15.7,20.9,,,18.0,21.1,16.6,21.4,,,19.9,7.2
18.3,5.1,18.2,0.1,18.5,,15.4,1.6,,,17.7,0.0,16.6,1.2,,,19.0,0.0
19.2,0.4,19.1,0.4,20.0,,15.9,0.1,,,19.2,0.5,17.9,0.3,,,19.7,0.0
19.9,0.0,19.9,0.0,20.8,,16.5,0.0,,,19.3,0.0,19.7,0.1,,,20.0,0.0
21.2,0.2,20.8,0.0,21.9,,17.2,0.0,,,20.8,0.1,20.1,0.9,,,20.8,0.0
22.9,0.1,22.9,0.7,23.4,,18.9,0.2,,,22.3,1.3,20.7,1.4,,,21.9,1.6
22.1,8.5,22.5,7.8,23.3,,19.3,7.1,,,21.7,4.1,22.5,0.9,,,20.9,9.6
21.8,11.9,22.1,14.4,22.4,,19.3,20.4,,,22.1,9.3,22.4,9.5,,,20.5,14.6
21.4,11.2,20.7,25.9,21.4,,18.8,15.3,,,21.4,70.5,20.3,34.2,,,20.7,21.5
20.1,14.0,20.2,2.7,20.4,,18.2,1.8,,,19.9,5.7,19.2,1.1,,,21.4,0.6
22.3,7.9,22.9,0.5,23.0,,18.5,0.7,,,22.0,0.1,19.5,1.3,,,22.7,0.0
24.3,0.0,24.4,0.0,24.8,,20.1,0.0,,,24.0,0.0,22.3,0.0,,,24.1,0.0
25.3,0.0,24.8,0.0,25.0,,21.9,0.1,,,24.0,0.0,22.6,0.0,,,24.2,0.0
24.3,0.4,23.8,0.0,24.6,,20.3,1.1,,,23.5,0.0,21.8,1.0,,,24.4,0.0
24.5,3.2,24.1,3.6,24.6,,21.1,5.1,,,23.6,3.6,21.8,8.3,,,22.3,1.7
21.2,31.0,20.7,20.0,21.5,,18.3,27.4,,,20.4,24.3,20.1,14.2,,,21.8,17.0
21.9,0.0,21.8,1.8,22.4,,19.5,3.1,,,22.3,0.6,21.4,0.0,,,22.1,1.3
23.8,0.0,24.3,0.2,23.9,,21.3,0.4,,,23.2,0.2,23.4,0.4,,,22.9,0.0
22.8,2.4,23.7,5.9,22.9,,21.1,5.2,,,22.7,6.1,23.3,8.1,,,22.0,13.6
22.4,18.0,22.0,19.1,22.4,,20.1,12.7,,,22.4,50.8,21.7,5.8,,,22.8,2.1
23.1,4.1,24.6,0.5,23.5,,20.8,0.6,,,22.6,0.8,22.1,1.3,,,22.8,0.1
21.5,1.1,21.9,9.6,21.8,,19.0,7.0,,,21.7,8.5,20.0,18.0,,,21.7,1.2
22.3,19.1,22.3,0.2,22.6,,18.9,0.4,,,21.7,0.4,20.2,3.1,,,21.9,1.2
23.3,0.0,23.2,0.4,23.8,,19.8,0.3,,,22.8,0.4,22.0,4.3,,,21.6,0.9
20.1,49.0,18.6,33.5,19.5,,17.8,25.1,,,19.0,38.5,20.1,47.8,,,21.3,34.5
20.0,35.1,20.0,12.0,20.7,,17.8,10.3,,,20.1,19.1,20.1,24.6,,,20.5,1.2
18.5,24.9,17.7,12.2,18.2,,16.6,6.8,,,18.4,8.4,16.7,6.3,,,19.0,4.9
21.2,5.1,22.0,0.7,21.4,,18.0,0.4,,,21.3,0.5,19.2,0.4,,,20.6,0.0
23.7,0.0,23.7,0.0,23.8,,19.5,0.2,,,23.2,0.0,21.4,1.9,,,22.6,0.0
24.7,0.0,24.4,0.5,25.1,,20.3,0.5,,,24.1,0.6,23.7,1.4,,,22.7,3.2
24.9,12.4,24.3,9.7,25.0,,20.1,7.0,,,24.3,12.4,24.4,2.1,,,21.3,16.3
22.6,32.0,22.5,5.6,22.9,,19.8,6.7,,,22.8,9.7,23.7,4.7,,,21.3,9.5
22.9,3.0,22.8,14.0,23.3,,20.3,15.6,,,22.3,10.2,22.9,9.6,,,21.8,15.1
21.7,4.1,21.7,1.4,21.8,,19.5,6.2,,,21.7,3.0,22.1,1.2,,,20.4,3.2
23.3,24.9,23.8,4.8,23.6,,20.2,3.4,,,23.2,2.7,23.4,1.9,,,21.4,11.6
21.8,7.9,20.3,28.6,21.7,,18.9,26.6,,,21.1,27.3,21.8,2.9,,,20.8,6.6
23.8,6.1,23.8,23.0,24.2,,19.9,21.2,,,23.5,6.5,22.3,15.0,,,21.9,8.7
22.3,0.0,21.6,0.9,22.0,,18.8,1.3,,,21.6,1.7,20.9,1.9,,,22.1,1.3
21.4,0.3,21.2,0.3,21.5,,18.3,0.6,,,20.7,1.8,19.8,1.2,,,21.7,0.8
22.7,1.7,22.0,1.3,22.9,,19.2,1.0,,,22.2,0.6,21.2,2.1,,,22.4,0.7
24.2,0.4,22.5,0.5,24.5,,20.7,0.5,,,23.9,0.5,23.4,0.1,,,23.0,0.5
23.0,42.0,22.2,30.5,23.6,,19.9,19.4,,,22.5,20.3,22.0,22.9,,,21.6,8.0
20.3,19.1,21.0,0.1,21.4,,19.2,0.2,,,20.1,0.0,20.1,0.0,,,20.8,2.1
21.8,0.0,20.6,0.0,22.0,,18.5,0.8,,,21.4,0.2,20.0,0.4,,,21.0,1.7
23.3,0.3,21.2,0.3,23.1,,19.5,1.1,,,22.7,0.2,21.1,0.7,,,21.2,0.6
24.2,3.0,23.2,0.2,24.7,,20.4,11.1,,,24.0,0.1,22.2,1.3,,,22.7,1.0
23.6,3.7,23.7,7.3,24.2,,19.8,3.5,,,23.0,10.9,21.7,10.6,,,22.0,1.5
21.7,61.0,22.1,16.6,22.9,,19.0,13.2,,,22.0,15.3,21.9,21.1,,,21.7,12.0
20.8,6.1,19.8,25.9,20.6,,18.2,14.0,,,20.2,22.8,20.3,30.6,,,19.3,25.2
19.6,37.1,19.8,18.1,20.2,,17.9,18.6,,,20.1,15.5,21.1,5.6,,,19.1,47.1
20.9,30.0,20.4,9.9,21.2,,18.4,19.4,,,21.1,12.1,21.9,14.5,,,20.4,10.0
21.3,26.9,22.0,24.9,22.0,,18.9,23.2,,,21.6,23.3,21.8,6.4,,,20.3,14.0
22.1,19.1,21.6,8.9,22.4,,19.0,9.0,,,21.3,11.5,21.6,3.5,,,21.8,9.1
22.6,10.0,22.2,14.6,22.8,,19.2,14.1,,,22.1,7.0,22.5,0.9,,,20.6,26.1
22.1,10.9,21.4,6.9,22.0,,19.0,20.3,,,21.9,4.0,23.3,4.7,,,21.4,11.4
22.3,21.2,22.1,19.0,22.4,,18.7,20.6,,,22.1,17.1,21.8,10.1,,,20.2,24.0
21.2,53.1,20.7,83.7,21.8,,18.0,66.8,,,20.9,44.0,20.9,56.7,,,20.2,47.2
21.1,48.0,20.1,43.2,20.8,,17.9,94.1,,,21.0,46.0,20.2,151.9,,,20.5,16.5
20.4,127.0,19.9,84.5,20.5,,17.7,140.8,,,20.4,71.2,19.8,63.6,,,19.6,17.8
21.7,67.1,20.8,39.9,21.4,,18.4,43.9,,,21.5,35.3,20.6,26.5,,,20.3,18.2
22.4,42.9,20.7,25.9,22.0,,19.0,27.2,,,21.9,24.1,21.9,12.5,,,20.1,15.3
23.6,24.9,23.7,9.3,24.5,,20.2,4.8,,,23.9,9.0,23.0,6.5,,,20.9,9.2
24.9,2.0,24.6,0.3,25.0,,21.7,0.7,,,24.3,0.0,24.2,0.6,,,22.2,0.3
26.1,0.0,25.3,0.0,25.7,,21.6,0.0,,,24.9,0.0,24.2,0.0,,,24.0,0.0
24.6,0.0,24.1,0.1,24.4,,21.2,0.9,,,23.7,0.0,23.0,0.0,,,23.4,0.0
23.9,2.3,23.6,1.5,24.6,,20.6,1.4,,,23.4,4.4,22.8,4.8,,,21.6,8.5
24.6,0.9,24.2,0.9,25.3,,20.6,0.9,,,24.4,0.4,23.3,1.1,,,20.4,3.3
23.5,0.0,24.3,0.2,24.8,,21.6,0.1,,,24.1,0.0,23.8,0.7,,,20.8,5.5
25.4,0.4,24.9,0.0,25.9,,21.6,0.0,,,25.1,0.1,24.1,1.1,,,22.2,9.0
25.0,0.2,24.7,0.7,25.4,,21.5,2.7,,,24.9,0.0,24.0,1.6,,,22.4,1.9
24.9,4.1,24.5,2.0,24.7,,20.9,6.5,,,24.7,0.5,23.9,2.7,,,23.2,16.5
25.6,3.0,24.7,0.0,25.3,,21.4,0.0,,,24.6,0.0,23.0,0.0,,,23.1,1.2
24.8,0.0,23.8,0.0,24.9,,20.8,0.0,,,24.1,0.0,22.7,0.6,,,23.9,0.3
24.6,0.0,23.9,0.0,24.6,,21.0,0.1,,,23.8,0.0,22.4,0.4,,,23.8,0.9
24.4,0.0,23.8,0.1,24.6,,20.7,0.5,,,23.7,0.4,22.4,0.2,,,23.2,0.8
24.1,0.3,24.1,0.7,24.8,,20.3,0.3,,,23.9,0.1,22.8,0.9,,,21.8,1.0
24.2,0.3,24.5,0.4,25.1,,21.0,0.8,,,23.8,2.5,23.7,0.1,,,21.9,0.6
25.1,1.1,25.2,1.9,25.7,,21.6,1.3,,,24.7,0.7,23.9,6.8,,,22.4,0.4
23.1,18.0,23.1,2.7,22.9,,21.0,3.1,,,22.6,2.1,23.0,18.9,,,22.8,0.7
22.4,8.9,22.7,3.2,23.2,,20.5,12.8,,,23.0,5.0,22.7,12.2,,,21.5,3.6
21.4,11.2,21.3,12.6,21.7,,19.3,18.6,,,21.3,6.1,22.7,8.7,,,20.8,26.3
22.5,8.3,23.1,3.9,23.1,,19.9,5.9,,,22.8,14.0,22.5,9.5,,,21.1,9.8
21.0,20.3,22.2,21.3,21.8,,19.5,22.1,,,21.3,12.2,20.9,21.6,,,20.6,10.4
22.5,10.2,23.0,8.9,22.8,,20.0,5.2,,,22.6,7.3,22.9,16.3,,,21.1,1.9
23.5,20.5,23.2,4.5,24.0,,20.2,13.8,,,23.3,24.3,22.9,10.5,,,23.1,1.5
22.6,14.0,22.5,7.0,22.9,,20.0,5.9,,,21.9,14.9,22.3,6.1,,,23.0,4.2
21.3,16.1,21.4,13.9,21.9,,19.0,19.1,,,21.6,11.5,22.1,14.6,,,21.0,22.2
21.1,5.1,20.6,14.0,21.3,,18.5,16.1,,,20.9,26.2,21.7,4.3,,,20.2,27.1
21.3,29.0,21.3,20.1,22.0,,18.9,21.3,,,21.5,17.7,21.8,27.1,,,19.9,29.6
20.8,14.0,20.5,44.4,21.2,,18.6,33.8,,,20.6,29.8,18.8,30.4,,,22.0,3.4
21.4,33.0,22.0,24.8,21.9,,18.2,28.9,,,21.2,21.7,21.0,22.2,,,20.2,8.5
21.0,4.4,21.6,10.7,21.6,,19.2,2.9,,,21.2,17.2,21.0,19.2,,,20.2,25.3
20.6,26.3,20.6,24.8,20.9,,18.3,26.4,,,20.7,29.8,20.8,14.2,,,20.2,28.1
21.7,1.1,22.6,2.3,22.4,,19.6,1.9,,,21.5,1.9,22.4,16.0,,,20.9,5.5
23.3,4.1,23.5,4.5,24.3,,19.5,2.5,,,23.4,5.8,23.1,2.9,,,22.1,11.9
21.3,5.8,21.5,5.5,22.2,,19.9,6.1,,,20.8,3.3,22.5,14.8,,,22.7,2.3
22.6,30.0,22.8,6.6,22.8,,19.5,14.3,,,22.3,6.1,22.8,11.8,,,22.9,5.4
22.0,1.8,22.4,9.9,22.4,,19.0,2.4,,,22.2,5.7,22.5,10.2,,,21.0,3.3
20.3,20.7,20.1,28.3,20.7,,18.4,23.0,,,19.9,25.3,21.4,14.9,,,20.4,5.7
22.8,17.7,21.9,27.1,22.8,,18.4,18.3,,,22.1,33.7,21.9,39.5,,,20.4,11.1
22.1,20.1,22.2,13.6,22.1,,18.6,18.5,,,22.0,13.4,21.9,14.3,,,19.3,10.1
22.5,4.5,22.4,3.9,22.8,,19.8,7.2,,,22.1,3.2,22.8,2.1,,,21.2,12.7
22.9,4.1,22.6,5.4,23.2,,19.9,2.9,,,23.0,1.6,21.9,8.6,,,21.1,5.7
24.3,0.6,24.0,0.7,24.1,,20.6,0.3,,,23.5,0.6,22.9,10.0,,,22.5,2.2
24.6,1.4,24.0,1.2,24.3,,20.9,6.7,,,23.7,0.9,23.6,2.0,,,24.5,1.5
25.0,0.3,24.4,0.4,25.0,,21.0,0.6,,,24.1,0.5,23.1,0.5,,,23.4,3.0
24.9,0.2,23.9,0.5,24.6,,20.7,0.0,,,23.9,0.2,23.2,0.3,,,24.0,0.0
23.7,0.2,23.4,0.4,24.3,,20.4,0.2,,,23.1,0.1,22.4,0.1,,,24.5,0.3
23.9,0.0,23.7,0.3,24.0,,20.3,0.1,,,23.1,0.4,22.1,0.0,,,24.4,0.2
23.7,0.1,23.4,0.1,23.6,,20.4,0.3,,,23.1,0.2,21.5,0.3,,,24.3,0.0
24.3,0.0,23.9,0.0,24.6,,20.6,0.0,,,23.0,0.0,21.8,0.0,,,24.4,0.0
24.2,0.0,24.2,0.0,24.5,,21.1,0.0,,,23.4,0.1,22.1,0.9,,,24.5,0.0
24.6,0.0,24.3,0.1,24.6,,21.5,0.0,,,23.8,0.1,22.8,0.1,,,23.1,0.7
24.0,0.0,24.3,0.2,24.6,,20.8,0.7,,,23.5,0.1,22.8,0.1,,,22.3,1.4
23.5,0.0,23.5,0.0,23.9,,20.9,0.0,,,22.8,0.0,22.9,0.0,,,23.4,0.0
23.6,0.0,24.3,0.0,24.2,,21.1,0.0,,,23.7,0.0,23.0,0.1,,,23.9,0.0
24.3,0.0,24.3,0.0,24.5,,21.5,0.0,,,23.7,0.0,22.6,0.2,,,24.0,0.0
24.4,0.0,24.2,0.2,24.5,,21.3,0.0,,,24.1,0.0,22.4,0.4,,,24.3,0.0
24.0,0.0,23.9,0.1,24.1,,20.7,0.1,,,23.0,0.0,22.6,0.2,,,23.5,0.2
24.2,0.1,24.6,0.4,24.7,,21.2,0.5,,,24.2,0.1,23.1,0.1,,,22.8,0.9
24.8,0.2,24.9,0.0,25.2,,22.1,0.9,,,24.7,0.1,23.4,0.2,,,21.5,11.0
24.9,0.4,25.4,0.2,25.5,,22.4,1.6,,,25.2,0.3,23.9,0.2,,,21.7,5.4
25.0,0.0,25.2,0.2,24.9,,22.5,0.3,,,24.7,0.1,23.5,0.0,,,20.7,6.1
25.1,0.1,25.4,0.3,25.3,,22.6,0.0,,,24.6,0.1,23.9,0.6,,,21.6,9.3
24.7,1.3,25.1,0.6,25.1,,21.8,1.4,,,24.4,0.6,23.8,0.9,,,24.1,0.9
24.5,0.4,24.6,0.7,24.5,,21.9,0.9,,,24.3,0.2,23.8,0.0,,,23.6,0.4
24.8,0.0,25.0,0.5,25.1,,22.3,0.1,,,24.3,0.0,23.7,0.6,,,24.4,0.4
24.7,0.0,24.8,0.0,24.5,,22.1,0.0,,,24.2,0.0,23.4,0.0,,,23.5,0.2
24.6,0.0,24.9,0.0,24.4,,22.4,0.0,,,23.9,0.0,23.2,0.1,,,24.1,0.0
22.0,0.7,21.5,1.1,22.4,,19.3,0.5,,,21.8,0.8,19.0,9.2,,,22.3,0.1
21.1,0.4,21.7,0.0,21.9,,18.7,1.4,,,21.0,0.0,18.8,0.5,,,20.9,0.0
22.3,0.5,22.2,0.0,22.4,,19.4,0.2,,,21.9,0.7,19.6,0.0,,,21.5,0.0
22.7,0.4,23.1,0.2,23.2,,20.2,0.1,,,22.2,0.3,20.7,0.0,,,22.9,0.3
24.0,0.0,24.9,0.0,24.4,,21.8,0.1,,,23.9,0.0,21.5,0.0,,,24.0,0.3
25.5,0.1,26.1,0.1,25.9,,23.2,0.0,,,25.5,0.1,22.5,0.0,,,24.2,0.1
26.2,0.0,26.9,0.1,26.7,,23.8,0.0,,,26.0,0.1,23.5,0.0,,,24.9,0.2
25.3,0.0,25.5,0.0,25.3,,22.5,0.0,,,24.7,0.0,22.6,0.5,,,22.5,0.3
24.1,0.0,24.5,0.0,24.3,,21.5,0.0,,,23.8,0.0,21.6,0.3,,,23.3,0.0
24.8,0.0,25.4,0.0,25.4,,22.5,0.0,,,24.9,0.0,22.6,0.1,,,24.1,0.1
26.0,0.4,26.4,0.1,26.4,,23.1,2.3,,,25.4,0.1,23.9,0.8,,,23.9,1.8
24.4,6.1,23.9,0.6,24.2,,20.8,2.1,,,23.9,0.2,21.8,2.3,,,21.4,0.4
23.4,1.8,23.1,0.6,23.2,,20.6,2.0,,,23.1,0.4,22.8,3.8,,,22.0,4.7
22.8,0.5,23.0,0.2,22.8,,20.3,0.6,,,22.6,0.1,22.1,2.8,,,22.3,0.4
23.4,0.1,23.4,0.2,23.2,,20.9,0.3,,,23.1,0.6,21.5,1.6,,,23.7,0.2
24.5,0.0,25.0,0.0,25.1,,21.7,0.3,,,24.2,0.0,22.2,0.0,,,24.2,0.3
25.0,0.3,24.6,0.3,24.6,,21.0,0.2,,,24.3,0.0,22.2,9.2,,,23.4,3.4
24.8,0.1,24.1,0.4,24.8,,20.5,0.4,,,24.2,0.9,21.8,1.8,,,24.2,0.0
24.6,0.5,24.6,0.4,25.1,,21.5,0.7,,,24.7,0.2,22.0,1.9,,,24.0,0.2
22.4,7.3,23.1,5.7,22.8,,21.2,3.4,,,22.6,1.6,21.6,2.4,,,22.7,1.3
24.4,0.4,24.4,0.7,24.5,,21.4,3.1,,,24.1,0.3,22.8,0.8,,,23.8,0.1
24.3,0.5,24.2,0.3,24.6,,20.6,0.8,,,24.2,0.2,22.1,0.6,,,23.7,1.5
24.5,0.0,24.4,0.0,24.8,,21.5,0.1,,,24.5,0.0,21.4,0.0,,,22.2,5.7
24.6,1.8,24.9,6.7,24.8,,21.7,3.0,,,24.5,3.8,22.0,5.6,,,21.4,1.4
24.9,4.8,24.3,3.5,25.1,,20.2,1.2,,,24.7,6.5,22.2,21.0,,,21.6,1.4
22.9,1.0,22.0,1.4,22.6,,18.6,1.0,,,21.8,1.4,18.9,0.8,,,21.5,0.9
20.5,0.0,20.2,0.0,21.1,,17.2,0.0,,,19.9,0.0,17.3,0.0,,,19.4,0.0
20.7,0.0,20.6,0.0,20.9,,17.5,0.0,,,20.1,0.0,17.9,0.0,,,19.7,0.0
20.5,0.0,20.1,0.0,20.7,,17.6,0.0,,,20.0,0.0,17.7,0.0,,,20.9,0.0
21.0,0.0,20.8,0.0,21.3,,18.0,0.0,,,20.5,0.0,18.0,0.0,,,21.4,0.0
21.9,0.0,22.1,0.0,22.0,,19.4,0.0,,,21.0,0.0,19.0,0.0,,,22.5,0.0
22.8,0.0,22.6,0.0,22.1,,20.1,0.0,,,21.7,0.0,19.2,0.0,,,22.7,0.0
22.4,0.0,22.8,0.0,21.6,,21.2,0.0,,,21.8,0.0,20.5,0.0,,,22.6,0.0
22.9,0.0,23.6,0.0,22.0,,21.4,0.0,,,23.3,0.0,21.5,0.0,,,22.0,0.0
24.3,0.0,24.6,0.0,24.4,,22.7,0.0,,,24.2,0.0,21.8,1.1,,,22.6,0.0
23.7,0.2,22.4,0.2,23.1,,20.3,0.4,,,23.0,0.2,21.0,0.6,,,23.1,0.1
22.9,0.0,22.8,0.0,22.8,,20.2,0.0,,,22.7,0.0,20.9,0.0,,,22.8,0.3
22.3,0.0,22.3,0.0,22.4,,20.0,0.0,,,22.3,0.0,21.0,0.0,,,22.0,0.0
22.8,0.0,23.1,0.0,22.7,,20.8,0.0,,,22.7,0.0,19.8,0.0,,,22.5,0.0
23.0,0.0,23.4,0.0,23.2,,21.2,0.0,,,22.4,0.0,20.1,0.0,,,23.5,0.0
22.5,0.0,22.4,0.0,22.1,,19.6,0.1,,,21.8,0.0,20.8,0.0,,,22.1,0.0
21.8,0.0,21.9,0.0,21.2,,19.7,0.0,,,21.4,0.0,19.7,0.0,,,21.8,0.0
22.0,0.0,22.5,0.0,22.1,,20.2,0.0,,,22.1,0.0,20.2,0.0,,,22.3,0.0
22.8,0.0,23.2,0.0,22.4,,20.9,0.0,,,22.6,0.0,20.3,0.0,,,22.2,0.0
22.7,0.3,22.8,2.2,22.9,,21.2,1.0,,,22.7,0.1,22.0,0.3,,,20.1,3.7
20.2,10.4,20.2,22.4,20.5,,17.6,33.5,,,20.2,6.5,19.7,2.7,,,18.5,0.5
21.6,0.6,21.4,0.9,21.7,,19.0,0.3,,,21.0,0.7,19.7,0.0,,,21.3,0.0
21.6,0.1,21.1,0.6,21.6,,18.1,1.3,,,21.4,0.0,18.6,0.0,,,21.8,0.0
20.9,0.0,20.5,0.0,21.0,,17.5,0.0,,,20.1,0.0,18.9,0.0,,,21.3,1.4
19.7,0.0,19.3,0.0,19.7,,16.5,0.0,,,18.9,0.0,17.3,0.1,,,20.6,0.1
18.8,0.0,18.7,0.0,18.7,,16.0,0.0,,,18.2,0.0,16.3,0.0,,,19.6,0.0
19.7,0.0,20.0,0.0,19.8,,17.6,0.0,,,19.4,0.0,17.5,0.0,,,19.7,0.0
21.0,0.0,21.5,0.0,20.6,,19.3,0.0,,,20.9,0.0,19.5,0.1,,,20.5,1.2
21.3,0.2,21.4,0.0,20.9,,18.6,0.0,,,20.9,0.0,19.5,1.1,,,21.0,0.0
21.4,0.0,20.9,0.0,21.3,,18.1,0.0,,,21.0,0.0,19.4,1.2,,,21.4,0.0
19.6,0.8,19.0,8.6,19.4,,17.1,3.8,,,19.1,3.1,18.1,0.4,,,18.0,5.6
20.0,3.2,20.0,3.2,20.8,,16.7,2.5,,,19.7,3.7,18.5,2.9,,,18.6,1.3
18.3,0.4,17.7,1.6,18.9,,15.7,0.4,,,17.8,8.0,17.0,0.5,,,14.3,0.6
13.1,0.0,12.5,0.0,13.6,,10.2,0.0,,,13.3,0.0,12.6,0.0,,,9.4,0.0
11.5,0.0,12.0,0.0,12.5,,9.5,0.0,,,12.0,0.0,12.2,0.0,,,9.6,0.0
13.9,0.0,14.2,0.0,13.4,,12.0,0.0,,,13.4,0.0,12.5,0.0,,,12.4,0.0
15.6,0.0,16.2,0.0,15.0,,14.1,0.0,,,15.4,0.0,13.2,0.0,,,15.0,0.0
16.9,0.0,16.9,0.0,16.8,,14.6,0.0,,,16.5,0.0,14.3,0.0,,,16.5,0.0
17.3,0.0,17.3,0.0,17.1,,15.1,0.0,,,16.9,0.0,14.3,0.0,,,17.8,0.0
18.3,0.0,17.5,0.0,17.9,,15.0,0.0,,,17.5,0.0,15.4,0.0,,,18.2,0.0
18.0,0.3,17.1,0.1,17.5,0.0,15.3,0.0,,,17.4,0.1,17.1,0.0,,,17.3,0.0
19.4,,18.6,0.0,19.2,,,,,,18.6,0.0,17.6,,,,18.2,0.0
18.4,,18.2,0.0,17.9,,,,,,18.3,0.0,,,,,17.8,0.0
18.0,0.0,18.2,0.0,17.2,0.0,16.4,0.0,,,17.9,0.0,15.6,0.0,,,18.0,0.0
19.2,0.0,19.7,0.0,19.0,0.0,17.6,0.0,,,18.9,0.0,17.0,0.0,,,19.1,0.0
20.5,0.0,20.4,0.0,19.4,0.0,18.1,0.0,,,19.9,0.0,19.0,0.0,,,20.4,0.0
20.9,0.0,22.1,0.0,19.9,0.0,21.0,0.0,,,20.5,0.0,19.2,0.0,,,21.1,0.0
21.1,0.0,21.4,0.0,21.0,0.0,19.3,0.0,,,21.1,0.0,19.0,0.0,,,21.7,0.0
21.3,0.0,21.5,0.0,20.5,0.0,19.2,0.0,,,21.0,0.0,19.0,0.0,,,21.0,0.0
21.3,0.0,22.2,0.0,21.2,0.0,20.0,0.0,,,21.1,0.0,19.6,0.2,,,20.9,0.0
19.4,0.0,19.6,0.0,20.0,0.0,17.2,0.0,,,18.9,0.0,16.9,0.2,,,20.1,0.0
17.7,0.0,17.9,0.0,17.5,0.0,14.9,0.0,,,17.1,0.0,15.4,0.0,,,18.8,0.0
16.9,0.0,16.9,0.0,16.4,0.0,14.9,0.0,,,16.4,0.0,13.5,0.0,,,18.0,0.0
17.7,0.0,18.3,0.0,17.0,0.0,17.2,0.0,,,17.6,0.0,15.8,0.0,,,18.5,0.0
18.5,0.0,19.6,0.0,18.6,0.0,19.3,0.0,,,19.2,0.0,17.4,0.0,,,18.6,0.1
20.5,0.0,21.0,0.0,20.6,0.0,19.1,0.0,,,20.3,0.0,18.9,0.0,,,19.7,0.0
21.3,0.0,21.1,0.0,20.2,0.0,18.5,0.0,,,21.1,0.0,18.0,0.0,,,19.3,0.0
21.0,1.5,20.6,0.6,20.5,1.2,17.9,0.9,,,20.8,0.9,17.6,2.8,,,18.2,0.0
20.2,0.8,20.1,0.1,20.6,0.2,16.9,0.2,,,20.3,0.0,17.7,4.3,,,16.3,0.0
18.1,0.0,18.4,0.0,18.1,0.0,15.3,0.0,,,17.9,0.0,14.9,0.0,,,15.3,0.0
16.5,0.0,16.5,0.0,16.2,0.0,13.9,0.0,,,15.8,0.0,14.2,0.0,,,16.4,0.0
15.8,0.0,16.5,0.0,15.9,0.0,14.1,0.0,,,15.3,0.0,13.1,0.0,,,18.7,0.0
16.7,0.0,17.0,0.0,16.4,0.0,14.8,0.0,,,16.2,0.0,13.3,0.0,,,18.3,0.0
17.8,0.0,18.3,0.0,16.9,0.0,16.4,0.0,,,17.3,0.0,13.9,0.0,,,18.3,0.0
18.2,0.0,20.0,0.0,17.5,0.0,19.3,0.0,,,18.1,0.0,16.3,0.0,,,17.9,0.6
20.0,0.0,19.5,0.0,19.2,0.0,16.5,0.0,,,18.8,0.0,17.5,0.3,,,18.2,0.0
19.2,0.0,18.9,0.0,19.4,0.0,16.4,0.0,,,18.6,0.0,16.9,0.0,,,19.4,0.0
18.8,0.0,18.6,0.0,18.9,0.0,16.6,0.0,,,18.2,0.0,15.7,0.0,,,19.2,0.0
18.8,0.0,19.3,0.0,18.3,0.0,16.9,0.0,,,18.4,0.0,15.1,0.0,,,18.2,0.0
18.8,0.0,19.3,0.0,18.3,0.0,16.9,0.0,,,18.3,0.0,15.0,0.0,,,18.6,0.0
18.6,0.0,19.2,0.0,17.2,0.0,17.3,0.0,,,18.2,0.0,15.2,0.0,,,18.8,0.0
19.0,0.0,19.7,0.0,17.2,0.0,17.9,0.0,,,18.6,0.0,16.5,0.0,,,18.7,0.0
19.0,0.0,18.2,0.0,17.3,0.0,15.9,0.0,,,17.6,0.0,16.2,0.9,,,18.1,0.0
16.5,0.0,16.6,0.0,16.4,0.0,14.7,0.0,,,15.9,0.0,14.7,0.1,,,17.6,0.0
16.1,0.0,16.5,0.0,15.9,0.0,14.3,0.0,,,15.8,0.0,13.5,0.0,,,17.6,0.0
17.5,0.0,18.0,0.0,16.7,0.0,16.5,0.0,,,17.0,0.0,15.2,0.0,,,18.5,0.0
18.9,0.0,19.7,0.0,18.0,0.0,18.5,0.0,,,18.7,0.0,16.0,0.0,,,19.3,0.0
17.8,0.0,18.2,0.0,17.1,0.0,16.3,0.0,,,17.2,0.0,15.1,0.0,,,19.5,0.0
17.9,0.0,18.3,0.0,18.3,0.0,15.5,0.0,,,17.7,0.0,15.4,0.0,,,18.8,0.0
18.2,0.0,18.4,0.0,18.1,0.0,16.6,0.0,,,17.5,0.0,15.6,0.0,,,19.2,0.0
18.5,0.0,18.2,0.0,18.1,0.0,16.0,0.0,,,17.8,0.0,16.0,0.0,,,17.8,0.0
18.1,0.0,18.5,0.0,17.2,0.0,16.1,0.0,,,17.8,0.0,16.5,0.0,,,17.9,0.0
18.3,0.0,18.7,0.0,17.8,0.0,16.2,0.0,,,17.9,0.0,15.7,0.0,,,18.1,0.0
17.7,0.0,18.2,0.0,17.1,0.0,16.1,0.0,,,17.2,0.0,14.6,0.0,,,18.8,0.0
18.2,0.0,18.3,0.0,17.5,0.0,16.0,0.0,,,17.4,0.0,14.8,0.0,,,18.7,0.0
18.3,0.2,18.2,0.0,18.3,0.0,16.1,0.0,,,17.9,0.0,16.6,0.0,,,17.6,0.0
17.9,0.0,18.0,0.0,18.1,0.0,15.6,0.0,,,18.3,0.0,17.2,0.0,,,17.6,0.0
18.1,0.0,18.2,0.0,17.5,0.0,15.7,0.0,,,18.4,0.0,17.5,0.0,,,17.7,0.0
18.3,0.0,19.1,0.0,17.1,0.0,17.2,0.0,,,18.5,0.0,16.9,0.0,,,18.5,0.0
19.2,0.0,19.8,0.0,17.8,0.0,17.8,0.0,,,18.3,0.0,17.3,0.0,,,19.8,0.0
19.5,0.0,18.8,0.0,18.8,0.0,16.7,0.0,,,19.1,0.0,17.7,0.0,,,18.8,0.0
19.2,0.0,19.5,0.0,18.3,0.0,16.9,0.0,,,19.1,0.0,16.8,0.5,,,19.8,0.0
20.2,0.0,20.1,0.0,18.8,0.0,17.6,0.0,,,19.5,0.0,16.8,0.0,,,20.4,0.0
20.5,0.0,20.8,0.0,19.4,0.0,19.0,0.0,,,19.3,0.0,17.3,0.0,,,21.3,0.0
20.3,0.0,20.0,0.0,19.8,0.0,17.8,0.0,,,19.4,0.0,18.1,0.0,,,20.7,0.0
19.5,0.0,19.5,0.0,19.4,0.0,17.2,0.0,,,18.8,0.0,17.5,0.0,,,19.7,0.0
18.6,0.0,19.3,0.0,18.8,0.0,17.3,0.0,,,18.1,0.0,17.0,0.0,,,19.4,0.0
19.1,0.0,19.3,0.0,18.6,0.0,16.9,0.0,,,18.5,0.0,17.5,0.0,,,18.9,0.0
18.8,0.0,19.1,0.0,18.3,0.0,17.3,0.0,,,18.7,0.0,16.1,0.0,,,19.1,0.0
19.3,0.0,19.8,0.0,18.3,0.0,17.6,0.0,,,19.0,0.0,16.2,0.0,,,19.5,0.0
18.7,0.0,19.1,0.0,18.0,0.0,17.1,0.0,,,18.1,0.0,16.4,0.0,,,20.1,0.0
18.6,0.0,18.7,0.0,18.2,0.0,16.7,0.0,,,18.5,0.0,17.9,0.0,,,20.0,0.0
18.4,0.0,18.5,0.0,18.0,0.0,16.8,0.0,,,17.8,0.0,17.0,0.0,,,19.5,0.0
18.1,0.0,18.3,0.0,17.1,0.0,15.9,0.0,,,17.6,0.0,16.9,0.0,,,19.2,0.0
18.3,0.0,19.3,0.0,17.2,0.0,17.1,0.0,,,18.3,0.0,16.2,0.0,,,19.2,0.0
19.9,0.0,20.9,0.0,18.7,0.0,18.5,0.0,,,20.3,0.0,18.2,0.0,,,20.8,0.0
21.5,0.1,21.4,0.1,21.1,0.0,18.7,0.0,,,20.9,0.0,17.7,0.1,,,20.3,0.0
20.5,0.0,20.3,0.0,20.7,0.0,17.0,0.4,,,20.1,0.0,16.6,0.3,,,21.0,0.0
20.0,0.0,20.0,0.0,20.4,0.0,17.7,0.0,,,19.4,0.0,17.8,0.0,,,21.3,0.0
20.6,0.0,21.6,0.0,20.3,0.0,19.3,0.0,,,20.5,0.0,17.8,0.0,,,21.9,0.0
21.0,0.0,21.6,0.0,20.3,0.0,19.0,0.0,,,20.7,0.0,17.9,0.0,,,21.6,0.0
20.5,0.0,21.0,0.0,19.8,0.0,18.6,0.0,,,20.5,0.0,17.0,0.0,,,21.5,0.0
21.5,0.0,22.2,0.0,20.8,0.0,19.7,0.0,,,21.5,0.0,18.6,0.0,,,22.7,0.0
21.9,0.0,22.8,0.0,21.4,0.0,20.1,0.0,,,22.0,0.0,19.2,0.0,,,23.1,0.0
22.5,0.0,23.1,0.0,22.1,0.0,20.2,0.0,,,21.9,0.0,18.7,0.0,,,22.8,0.0
22.0,0.0,23.3,0.0,22.2,0.0,20.9,0.0,,,22.2,0.0,19.3,0.1,,,21.0,0.0
22.1,0.0,22.0,0.1,21.9,0.0,19.4,0.0,,,21.9,0.4,19.7,6.7,,,20.2,0.4
20.8,0.0,20.2,0.0,20.7,0.0,18.2,0.2,,,20.7,0.0,20.6,0.0,,,14.4,11.3
17.0,0.0,17.2,0.0,17.9,0.0,13.9,0.0,,,16.8,0.0,15.2,0.0,,,14.1,0.0
18.0,0.0,17.9,0.0,17.9,0.0,14.6,0.0,,,17.6,0.0,15.5,0.0,,,17.3,0.0
18.6,0.0,18.2,0.0,18.8,0.0,15.3,0.0,,,18.0,0.0,15.3,0.0,,,19.5,0.0
18.0,0.0,17.7,0.0,18.1,0.0,15.1,0.0,,,17.3,0.0,14.9,0.0,,,19.6,0.0
17.6,0.0,17.8,0.0,17.5,0.0,14.9,0.0,,,17.3,0.0,14.8,0.0,,,19.4,0.0
20.5,0.0,20.5,0.0,20.3,0.0,17.9,0.0,,,20.0,0.0,17.4,0.0,,,21.5,0.0
22.3,0.0,22.6,0.0,22.6,0.0,19.5,0.0,,,21.6,0.0,18.4,0.0,,,22.8,0.0
21.6,0.0,21.3,0.0,21.4,0.0,18.4,0.0,,,21.1,0.0,19.1,0.0,,,22.6,0.0
21.8,0.0,21.6,0.0,22.0,0.0,18.4,0.0,,,21.1,0.0,19.1,0.0,,,19.9,0.0
17.7,0.0,16.7,0.0,18.2,0.0,13.8,0.0,,,17.1,0.0,15.7,0.0,,,18.2,0.0
16.3,0.0,16.4,0.0,16.6,0.0,14.5,0.0,,,15.8,0.0,13.3,0.0,,,18.5,0.0
17.6,0.0,17.5,0.0,17.4,0.0,14.6,0.0,,,17.4,0.0,15.0,0.0,,,18.3,0.0
19.2,0.0,18.9,0.0,19.0,0.0,16.1,0.0,,,18.4,0.0,16.1,0.0,,,19.2,0.0
19.6,0.0,19.5,0.0,19.6,0.0,16.9,0.0,,,18.9,0.0,17.2,0.0,,,20.2,0.0
19.4,0.0,19.7,0.0,19.0,0.0,17.3,0.0,,,18.9,0.0,17.4,0.1,,,20.8,0.0
20.5,0.0,19.8,0.0,20.3,0.0,17.6,0.0,,,20.1,0.1,17.8,0.3,,,20.7,0.0
21.2,0.0,20.9,0.0,21.9,0.0,18.3,0.0,,,20.6,0.0,18.9,0.0,,,22.0,0.0
23.4,0.0,23.7,0.0,23.7,0.0,20.6,0.0,,,22.7,0.0,19.7,0.0,,,23.4,0.0
21.6,0.0,20.9,0.0,20.8,0.0,17.4,0.0,,,20.6,0.0,18.3,2.7,,,22.9,0.0
16.3,0.0,16.1,0.0,17.0,0.0,13.3,0.0,,,16.2,0.0,14.1,1.4,,,18.2,0.0
16.1,0.0,16.0,0.0,16.5,0.0,13.0,0.0,,,15.9,0.0,13.9,0.0,,,17.8,0.0
17.0,0.0,17.0,0.0,17.0,0.0,14.1,0.0,,,16.8,0.0,14.4,0.0,,,18.0,0.0
18.5,0.0,18.5,0.0,17.7,0.0,15.4,0.0,,,18.2,0.0,15.4,0.0,,,19.4,0.0
21.3,0.0,21.7,0.0,19.9,0.0,19.0,0.0,,,21.1,0.0,17.6,0.0,,,22.8,0.0
22.4,0.0,22.5,0.0,22.5,0.0,19.0,0.0,,,21.6,0.0,18.9,0.1,,,24.0,0.0
20.3,0.0,19.4,0.0,19.6,0.0,16.5,0.0,,,19.2,0.0,16.4,0.0,,,22.7,0.0
19.1,0.0,19.0,0.0,19.1,0.0,16.5,0.0,,,19.0,0.0,17.1,0.0,,,21.6,0.0
18.3,0.0,18.0,0.0,18.6,0.0,15.0,0.0,,,18.2,0.0,15.5,0.0,,,20.6,0.0
20.8,0.0,21.0,0.0,21.0,0.0,18.2,0.0,,,20.0,0.0,17.6,0.0,,,22.0,0.0
22.9,0.0,23.3,0.0,22.8,0.0,21.1,0.0,,,22.3,0.0,19.2,0.0,,,24.0,0.0
24.7,0.0,25.6,0.0,24.1,0.0,23.2,0.0,,,23.9,0.0,21.4,0.0,,,24.9,0.0
25.5,0.0,26.3,0.0,25.3,0.0,23.3,0.0,,,25.6,0.0,20.9,0.0,,,26.4,0.0
23.1,0.0,23.1,0.0,23.7,0.0,20.3,0.0,,,22.8,0.0,19.0,0.0,,,26.5,0.0
24.3,0.0,24.6,0.0,24.5,0.0,21.6,0.0,,,24.1,0.0,19.5,0.0,,,26.2,0.0
26.4,0.0,27.1,0.0,26.5,0.0,24.3,0.0,,,26.3,0.0,22.4,0.0,,,25.8,0.0
25.1,0.0,24.7,0.2,24.6,0.2,22.0,0.8,,,24.1,0.0,20.0,0.0,,,22.6,0.0
22.7,10.3,21.9,11.1,22.4,10.2,18.5,4.8,,,21.8,8.7,17.0,11.1,,,22.3,0.2
17.0,6.0,16.7,16.1,17.8,30.2,13.4,7.2,,,16.7,3.5,14.3,14.1,,,19.9,0.0
17.9,0.0,17.5,0.0,18.4,0.0,14.7,0.0,,,17.4,0.0,16.4,0.0,,,20.4,0.0
19.8,0.0,20.5,0.0,20.6,0.0,17.1,0.0,,,19.4,0.0,17.3,0.0,,,23.9,0.0
22.2,0.5,21.9,0.1,22.3,0.1,19.7,0.4,,,21.9,0.0,18.7,0.0,,,21.4,4.1
24.0,1.2,23.8,0.1,24.3,1.2,20.9,0.5,,,23.7,0.0,22.9,1.8,,,23.5,0.2
21.7,4.2,21.4,5.1,21.9,3.9,19.9,5.3,,,21.4,0.9,22.3,0.7,,,19.0,9.7
23.2,0.1,23.1,0.2,23.2,0.1,20.3,0.1,,,23.0,0.0,23.1,0.0,,,19.5,0.0
22.5,0.0,22.5,0.0,22.0,0.0,18.9,0.0,,,21.9,0.0,18.7,0.0,,,21.7,0.0
22.3,0.0,22.3,0.0,22.6,0.0,19.0,0.0,,,22.0,0.0,19.6,0.0,,,23.4,0.0
23.7,0.0,23.3,0.0,24.1,0.0,20.1,0.2,,,23.5,0.0,20.4,0.0,,,24.5,0.0
20.5,0.5,20.5,1.4,20.5,1.1,19.3,1.5,,,20.0,0.2,19.8,2.2,,,20.3,14.0
21.7,14.8,21.3,15.2,21.4,11.0,19.4,6.8,,,21.5,13.5,20.5,13.9,,,21.0,9.6
19.6,4.3,20.3,5.6,20.7,6.0,17.7,2.4,,,19.3,1.3,17.8,3.4,,,21.2,4.1
21.1,0.0,20.7,0.0,21.3,0.0,17.8,0.0,,,20.3,0.0,18.2,0.0,,,20.7,4.0
21.9,4.3,21.1,3.2,22.0,2.9,18.7,4.0,,,21.7,1.2,18.9,0.0,,,22.2,3.3
24.6,0.5,24.0,0.2,24.5,0.2,20.4,0.2,,,24.1,0.2,20.7,0.3,,,23.7,0.0
24.4,18.9,22.9,13.8,24.2,18.7,20.4,13.5,,,24.0,9.5,20.5,14.1,,,22.1,2.5
22.2,13.0,21.2,3.9,21.6,14.6,19.0,19.0,,,21.9,24.3,20.1,14.6,,,20.5,2.0
23.2,0.1,22.8,0.0,23.7,0.0,19.9,0.0,,,23.2,0.2,20.4,1.9,,,22.7,0.0
24.6,0.5,23.3,0.9,24.4,0.5,20.1,0.6,,,24.2,0.9,22.3,2.7,,,23.4,1.4
22.2,4.6,21.8,1.6,22.3,3.0,19.8,4.4,,,21.2,0.2,21.6,5.1,,,19.9,8.9
22.7,0.0,22.5,0.0,22.9,0.0,20.1,0.9,,,22.6,1.8,22.1,0.0,,,21.9,0.0
23.3,0.9,23.0,1.7,23.0,1.7,20.5,2.9,,,22.8,0.0,21.6,0.8,,,22.5,6.5
24.4,0.0,24.1,0.0,24.3,0.0,21.7,0.0,,,23.7,0.0,22.1,0.0,,,23.4,0.0
25.5,0.0,24.5,0.0,25.6,0.0,21.2,0.0,,,25.0,0.0,22.8,0.0,,,24.9,0.0
25.4,0.0,24.8,0.0,25.4,0.0,21.8,0.0,,,24.7,0.0,22.5,0.0,,,25.1,0.0
24.6,0.0,24.1,0.0,24.3,0.0,21.7,0.0,,,23.7,0.0,22.2,0.0,,,24.6,0.0
24.0,0.0,24.0,0.0,23.7,0.0,21.8,0.0,,,23.4,0.0,21.6,0.0,,,24.8,0.0
23.8,0.0,23.6,0.0,23.9,0.0,20.9,0.0,,,23.1,0.0,21.6,0.2,,,23.8,0.0
22.9,0.0,21.9,0.0,22.6,0.0,18.9,0.0,,,21.9,0.0,19.8,0.0,,,23.3,0.0
23.2,0.0,23.4,0.0,23.4,0.0,21.0,0.0,,,22.6,0.0,19.7,0.0,,,23.9,0.0
23.8,0.0,24.0,0.0,23.9,0.0,21.6,0.0,,,23.9,0.0,21.7,0.5,,,25.2,0.0
24.0,8.9,23.3,4.0,23.6,9.0,20.5,12.0,,,23.1,1.3,22.0,8.9,,,22.6,0.0
23.0,0.2,23.3,0.0,23.3,0.3,20.3,0.0,,,23.5,0.0,21.6,0.7,,,23.6,0.0
22.7,17.0,22.5,11.9,22.8,10.6,19.5,10.4,,,22.4,14.2,21.3,1.1,,,20.6,0.0
22.2,7.1,22.2,2.9,22.1,3.3,20.1,2.6,,,22.0,1.8,21.7,20.8,,,22.8,0.1
21.8,2.0,22.2,0.4,22.3,1.8,18.2,0.6,,,22.0,1.5,21.0,2.6,,,22.3,0.8
22.1,4.9,21.9,3.1,22.1,2.3,18.3,5.3,,,21.6,10.4,20.9,8.0,,,22.2,0.5
22.2,0.6,21.9,0.2,22.3,0.2,18.6,0.1,,,21.7,0.0,20.4,1.1,,,21.4,0.1
24.1,0.0,23.1,0.1,24.0,0.1,19.5,0.6,,,23.4,0.4,21.2,0.2,,,23.4,0.0
25.2,0.0,24.1,0.0,25.2,0.0,20.7,0.0,,,24.4,0.0,22.0,0.0,,,24.0,0.7
24.6,0.0,24.9,0.3,24.7,0.0,22.0,0.1,,,23.9,0.0,22.9,8.0,,,21.9,0.0
24.4,0.0,25.0,0.0,24.7,0.0,22.4,0.0,,,24.2,0.0,23.6,1.6,,,24.7,6.0
24.3,15.9,24.5,18.9,24.2,16.3,21.8,6.9,,,24.1,12.9,22.3,6.8,,,22.4,2.7
22.3,4.6,22.2,10.7,22.5,7.0,20.4,11.0,,,22.7,26.2,21.8,8.0,,,21.3,5.4
23.0,8.7,23.2,4.4,23.6,9.5,19.6,13.1,,,23.1,2.2,22.2,28.8,,,22.3,11.6
17.3,11.5,16.9,8.7,18.2,10.4,15.0,8.3,,,17.5,7.4,16.3,17.9,,,19.3,0.7
14.9,5.8,15.7,3.8,16.3,3.9,12.8,3.1,,,15.4,6.0,14.2,10.0,,,16.1,0.1
16.7,0.0,16.8,0.0,17.6,0.0,13.9,0.0,,,16.7,0.6,14.4,0.4,,,17.2,0.0
18.9,0.0,18.5,0.0,18.8,0.0,15.3,0.0,,,18.1,0.0,16.4,0.0,,,19.3,0.0
20.3,0.0,19.6,0.0,20.1,0.0,16.4,0.2,,,19.2,0.0,18.1,0.0,,,19.7,1.9
21.3,2.2,20.3,3.1,21.6,1.0,17.3,3.3,,,20.9,3.8,18.9,2.3,,,19.0,7.7
20.7,4.7,21.4,6.5,21.5,7.5,17.8,16.6,,,20.6,12.3,20.0,9.5,,,19.7,9.6
20.9,4.9,21.2,7.2,21.6,12.8,17.6,9.3,,,21.4,6.1,18.4,5.2,,,20.5,3.5
23.9,0.5,23.1,2.3,23.7,2.8,19.7,1.2,,,23.2,2.1,21.0,5.5,,,21.8,0.0
23.8,10.6,23.6,9.4,23.8,9.6,20.3,7.3,,,22.9,9.4,22.8,10.3,,,21.2,12.5
22.1,18.9,22.1,15.5,22.2,16.5,19.0,19.5,,,22.2,22.4,21.1,18.9,,,22.7,0.8
24.5,0.6,24.3,1.4,24.8,1.3,20.6,5.5,,,23.8,4.7,22.2,9.8,,,23.9,0.7
22.6,15.6,22.9,7.6,23.1,16.8,20.1,19.5,,,22.4,5.8,22.7,8.1,,,22.5,21.1
21.3,24.6,21.6,34.8,22.0,28.4,19.3,22.6,,,21.5,23.1,21.5,33.6,,,22.3,4.1
21.1,11.9,21.5,14.6,21.8,12.5,18.5,10.0,,,21.4,12.4,20.6,52.9,,,22.9,0.2
22.7,0.0,22.6,0.2,23.2,0.0,18.8,0.5,,,22.4,0.0,20.1,0.0,,,22.0,0.0
22.4,0.0,21.9,0.0,22.5,0.4,18.4,0.7,,,21.7,0.0,18.9,0.0,,,22.1,2.4
21.7,0.0,21.8,0.0,21.3,0.0,17.9,0.0,,,20.6,0.0,19.8,0.0,,,19.7,6.7
22.6,0.0,22.3,0.2,22.4,0.0,18.7,0.2,,,22.1,0.0,20.9,0.8,,,20.4,0.3
23.6,0.0,22.9,0.0,23.3,0.0,19.3,0.2,,,23.0,0.0,21.0,0.6,,,22.4,0.0
23.0,0.7,22.8,1.5,23.4,1.3,19.4,0.9,,,22.6,1.5,21.9,7.1,,,23.0,1.8
21.8,1.2,21.6,0.7,22.1,1.0,19.0,1.7,,,21.2,4.1,21.9,4.3,,,20.7,11.6
20.5,22.1,20.7,12.5,21.1,24.6,17.9,20.7,,,20.2,11.1,18.8,10.7,,,20.2,16.3
21.8,3.4,22.0,2.0,21.6,1.6,18.7,1.6,,,21.4,4.3,20.4,0.3,,,19.5,2.7
21.2,6.8,21.5,12.2,21.0,12.6,18.0,19.7,,,20.6,13.7,20.5,3.4,,,21.5,0.4
21.9,6.8,22.4,4.6,22.7,4.7,19.2,3.2,,,22.0,3.9,21.2,2.8,,,22.4,0.0
22.3,10.0,22.9,11.0,22.5,12.8,19.0,12.2,,,22.1,5.3,21.9,9.1,,,21.7,4.9
21.3,17.3,22.2,19.5,22.5,11.4,18.6,14.6,,,21.7,19.0,20.9,14.6,,,21.5,8.7
22.3,2.8,22.5,4.2,22.7,3.3,19.2,3.5,,,22.6,1.1,22.1,6.0,,,21.7,9.8
22.1,3.0,22.6,3.0,22.8,5.4,19.7,7.1,,,21.8,1.9,21.4,11.7,,,22.3,4.4
23.2,8.5,23.4,4.8,23.7,6.8,19.5,5.3,,,22.9,12.4,21.6,24.0,,,21.9,10.3
22.0,3.1,21.7,1.0,22.5,2.7,19.1,1.8,,,22.0,0.9,21.1,3.3,,,21.3,5.8
21.7,16.7,22.1,4.7,22.3,10.0,18.1,10.6,,,21.6,7.7,20.8,2.9,,,20.5,2.0
21.9,2.6,21.6,3.5,22.4,2.2,18.6,2.3,,,21.2,2.3,21.3,0.3,,,20.8,7.7
19.8,10.1,19.4,7.8,20.3,8.8,17.7,8.7,,,19.8,5.1,20.3,6.0,,,20.3,12.2
20.9,34.9,20.7,24.8,21.0,29.5,18.3,16.1,,,20.7,22.8,19.9,36.3,,,21.5,6.3
22.9,0.9,23.5,1.0,23.5,0.3,20.4,1.3,,,23.4,4.9,21.8,2.8,,,24.0,0.2
25.7,0.1,25.4,0.0,25.7,0.0,21.5,0.1,,,24.9,0.0,23.5,0.0,,,25.1,0.0
24.4,11.2,24.2,3.2,24.9,8.5,20.9,4.2,,,24.2,8.6,22.8,6.7,,,22.7,6.8
23.5,17.1,23.7,21.5,24.0,13.3,20.1,15.1,,,23.7,8.6,23.5,16.6,,,21.9,4.2
23.8,25.6,24.0,21.5,24.9,23.9,19.8,9.3,,,23.5,19.6,23.4,12.0,,,21.0,6.3
21.4,19.1,21.4,21.4,21.7,17.2,19.3,15.1,,,21.2,15.6,22.4,12.8,,,21.1,23.7
20.0,10.2,20.6,8.4,20.7,10.2,17.8,5.4,,,19.7,7.5,19.9,0.0,,,20.2,1.9
20.3,0.0,20.4,0.0,20.5,0.0,16.9,0.1,,,19.7,0.0,19.2,0.8,,,21.2,0.7
21.5,0.2,21.5,0.3,21.8,0.0,18.7,0.1,,,21.3,0.0,20.7,0.0,,,20.9,1.0
21.2,5.6,21.3,3.6,21.7,4.8,18.8,4.0,,,21.0,11.7,21.9,23.5,,,20.6,6.5
22.3,5.8,22.8,2.4,23.1,2.3,19.5,5.3,,,22.3,5.2,21.3,15.2,,,23.0,4.1
20.8,20.6,20.4,24.2,21.1,16.8,18.1,17.7,,,20.4,32.4,20.9,33.0,,,22.0,20.3
20.6,67.1,20.2,71.3,21.1,66.6,17.5,71.7,,,20.2,69.9,20.6,57.7,,,20.5,29.3
20.9,17.0,21.6,26.9,21.8,15.1,18.8,22.1,,,21.1,61.1,22.2,32.9,,,22.3,1.4
21.9,0.2,21.7,0.4,22.5,0.6,18.5,0.3,,,21.2,0.4,21.1,4.2,,,21.9,0.0
21.7,0.4,21.1,0.3,21.6,0.3,18.1,0.9,,,20.7,0.0,19.9,0.2,,,22.0,1.8
22.0,2.9,21.9,3.1,22.5,3.3,18.6,1.6,,,21.4,2.4,20.3,7.7,,,22.1,0.1
22.4,3.1,22.1,7.0,22.5,7.1,19.0,4.3,,,21.9,5.1,20.6,11.2,,,21.8,10.9
20.9,21.8,21.1,12.5,21.2,16.9,18.6,13.5,,,20.6,19.6,21.4,10.7,,,19.9,8.9
22.4,5.4,22.4,1.6,22.6,3.7,18.4,3.5,,,22.7,1.8,22.1,5.1,,,21.1,0.8
23.8,1.2,23.2,0.9,24.1,1.3,20.6,3.3,,,23.2,0.5,22.6,1.7,,,20.0,18.3
22.9,1.0,22.9,1.6,23.0,0.8,20.8,1.5,,,22.8,2.7,22.3,1.4,,,20.6,7.6
23.0,0.2,23.8,1.2,23.2,1.0,20.8,3.4,,,23.0,0.4,21.8,15.2,,,21.0,3.8
22.1,0.8,22.5,0.8,22.6,0.2,20.4,1.3,,,22.5,1.3,22.1,0.5,,,21.1,14.8
21.9,6.9,21.4,3.4,22.2,4.1,18.9,10.0,,,21.8,6.5,21.3,14.0,,,21.2,8.4
21.9,13.9,21.1,9.4,22.0,8.9,18.4,16.5,,,21.6,7.7,20.1,18.6,,,21.3,5.4
21.4,16.8,21.0,11.5,21.7,14.6,18.6,10.6,,,20.7,9.3,21.3,1.1,,,20.5,20.4
21.7,13.1,21.9,10.5,21.5,10.9,19.6,10.8,,,21.8,15.2,21.7,12.8,,,20.5,12.2
21.2,18.1,20.3,20.8,21.1,17.6,19.1,11.4,,,21.1,11.4,22.2,19.7,,,20.2,33.2
21.8,36.9,20.5,40.1,21.3,40.3,18.1,34.7,,,21.1,27.1,20.8,32.4,,,20.0,26.5
21.6,11.3,21.3,18.1,21.8,12.4,18.4,17.4,,,21.7,9.5,20.0,9.4,,,21.1,7.0
21.3,13.7,20.7,13.8,21.5,17.2,17.7,19.4,,,21.1,9.0,19.9,10.3,,,19.9,9.7
21.0,11.5,21.4,14.8,21.6,8.6,19.0,11.1,,,21.0,10.1,22.0,14.8,,,20.2,17.7
21.9,6.6,22.8,5.0,22.6,6.2,19.4,8.6,,,21.3,10.4,21.1,15.9,,,21.6,21.3
21.9,7.5,22.6,10.4,22.5,8.8,19.9,7.8,,,21.5,3.3,22.8,4.8,,,21.4,11.4
20.9,3.8,21.6,5.4,21.3,4.3,19.9,6.7,,,20.5,0.7,22.1,2.7,,,21.7,12.1
23.3,0.8,23.7,7.0,23.7,3.5,20.1,3.3,,,23.0,1.6,22.7,3.2,,,21.4,13.3
24.1,6.3,24.1,5.6,24.4,7.4,20.6,5.9,,,23.9,2.9,23.6,0.5,,,23.0,0.5
25.4,0.2,25.2,0.4,25.7,0.6,21.6,1.3,,,24.7,0.4,23.8,0.5,,,22.9,0.6
24.4,0.0,24.3,0.0,24.6,0.0,20.6,0.0,,,23.4,0.0,23.5,0.0,,,22.8,3.9
24.0,0.0,23.9,0.0,24.5,0.2,20.4,0.0,,,23.4,0.3,23.0,0.5,,,23.4,0.0
24.6,11.5,23.7,11.1,25.1,11.2,19.9,9.3,,,23.8,2.5,22.8,6.6,,,23.8,2.4
22.8,6.5,22.4,4.5,23.1,5.3,19.4,0.7,,,22.1,5.1,22.6,5.9,,,22.1,16.3
20.9,8.2,21.2,14.3,21.6,8.1,18.2,7.5,,,21.0,7.5,21.2,16.0,,,20.2,9.1
20.5,40.6,20.0,29.1,20.7,30.5,17.7,29.4,,,20.4,30.9,20.1,24.7,,,19.3,22.3
23.1,9.0,21.9,8.5,22.1,7.6,19.1,6.0,,,21.2,8.7,22.1,19.4,,,20.4,9.2
22.5,37.7,22.3,35.6,22.9,35.8,18.9,32.5,,,22.1,30.0,23.3,16.6,,,20.8,3.3
21.8,45.6,22.0,27.3,22.3,39.7,18.8,45.6,,,21.7,21.5,22.5,29.8,,,20.7,22.0
21.8,14.8,22.3,15.3,22.3,14.1,19.6,11.0,,,22.1,29.7,22.2,15.2,,,22.5,1.7
22.8,9.0,22.6,8.7,23.4,9.1,19.3,9.2,,,22.6,3.2,22.6,1.2,,,22.4,3.7
22.7,6.6,23.1,4.5,23.6,3.4,19.1,8.7,,,22.5,3.8,22.1,9.5,,,20.8,8.4
23.7,0.0,23.4,0.7,24.0,0.7,20.1,0.5,,,23.3,0.0,23.6,0.0,,,21.4,0.7
23.7,5.5,23.8,7.4,24.1,8.1,20.2,4.4,,,24.0,5.0,24.1,1.9,,,21.2,1.3
21.7,4.7,22.8,2.5,22.2,2.5,20.2,2.0,,,22.0,3.5,23.7,0.3,,,20.6,4.3
24.0,0.0,23.7,0.0,24.3,0.0,20.3,0.0,,,23.3,0.1,22.6,0.0,,,21.9,1.6
24.0,0.0,23.6,0.0,24.2,0.0,20.3,0.0,,,23.0,0.0,23.0,0.0,,,21.9,1.1
24.2,0.0,24.1,0.0,24.5,0.0,20.8,0.0,,,23.4,0.0,23.2,0.0,,,23.3,1.3
25.2,0.0,25.1,0.0,25.5,0.0,21.6,0.0,,,24.5,0.0,23.2,0.0,,,23.5,0.0
26.3,0.0,25.7,0.0,26.0,0.0,22.4,0.0,,,25.0,0.0,24.2,0.0,,,23.4,0.5
26.5,0.1,26.4,0.2,26.7,0.2,22.8,1.0,,,25.8,0.5,24.1,1.5,,,23.4,0.9
25.0,1.5,25.2,1.9,25.9,0.8,21.8,2.0,,,24.3,1.3,24.2,8.2,,,23.5,11.7
23.8,5.5,22.9,7.8,24.1,7.9,20.5,9.2,,,23.1,5.8,21.4,9.3,,,22.4,2.9
22.1,10.2,22.6,10.3,22.5,9.5,20.0,12.4,,,21.9,14.4,21.8,34.3,,,22.9,2.7
21.7,17.4,22.3,8.7,22.3,18.6,19.5,20.3,,,21.5,4.8,22.6,15.0,,,21.4,1.1
23.5,1.4,23.8,0.3,23.9,0.3,20.3,0.5,,,23.2,0.7,23.2,6.4,,,21.8,0.3
24.7,0.0,24.8,0.2,24.9,0.0,21.1,0.0,,,24.1,0.0,23.1,0.0,,,21.6,3.4
23.5,1.2,23.6,2.7,24.0,2.4,20.8,3.2,,,23.7,1.2,23.2,0.0,,,21.5,0.9
24.3,0.4,24.7,0.4,24.2,0.3,21.5,0.3,,,24.3,0.0,23.6,7.9,,,22.0,1.3
24.3,2.7,24.9,4.1,24.7,2.7,21.4,2.1,,,24.3,2.6,23.6,1.8,,,22.4,0.6
24.2,0.9,25.0,3.4,24.8,3.3,21.6,2.3,,,24.6,0.6,24.2,2.6,,,23.4,4.4
23.1,5.9,23.6,1.7,23.4,4.9,21.5,6.0,,,23.3,3.1,21.7,0.2,,,22.6,1.4
23.4,3.3,24.7,3.1,23.6,4.0,21.3,2.5,,,23.7,5.0,23.4,1.5,,,22.7,0.0
22.5,4.0,23.8,2.5,23.5,2.2,20.5,1.9,,,23.0,6.0,22.5,0.2,,,21.6,7.6
23.5,0.7,23.7,0.8,24.1,3.0,20.4,1.1,,,23.5,0.0,22.4,5.6,,,21.7,4.9
23.2,1.2,23.2,0.7,24.1,0.3,20.2,2.0,,,22.9,1.9,22.2,0.8,,,21.9,0.6
23.7,0.6,23.7,0.9,24.0,1.0,20.4,1.0,,,23.0,0.4,23.2,0.8,,,21.8,1.1
24.6,0.0,24.2,0.7,24.7,0.4,21.2,0.7,,,23.8,0.0,23.1,2.3,,,21.9,0.7
24.6,0.4,24.3,1.5,24.7,1.3,20.9,3.2,,,24.1,1.9,23.3,1.3,,,21.7,1.2
24.2,0.0,24.3,0.2,24.5,0.1,21.3,0.6,,,23.8,0.0,23.3,0.0,,,21.1,1.2
24.6,0.0,25.2,0.0,25.2,0.0,21.9,0.0,,,24.5,0.0,22.5,0.0,,,21.8,3.8
25.0,0.0,24.9,0.0,25.2,0.0,22.4,0.0,,,24.3,0.0,22.9,0.0,,,23.6,0.0
24.8,0.0,24.8,0.0,24.7,0.0,22.5,0.0,,,23.5,0.0,23.5,0.0,,,24.5,0.0
24.9,0.0,25.0,0.0,24.8,0.0,21.9,0.0,,,24.1,0.0,23.4,0.0,,,24.0,0.0
24.9,0.0,25.1,0.0,25.0,0.0,22.1,0.0,,,24.5,0.0,22.9,0.0,,,23.2,0.1
25.1,0.7,25.1,0.2,25.3,0.6,22.6,0.0,,,24.8,0.1,23.6,0.1,,,22.4,9.1
24.7,0.0,24.9,0.3,24.9,0.3,22.4,0.2,,,24.1,0.2,24.2,0.2,,,22.9,2.9
24.2,0.0,24.7,0.0,24.5,0.0,21.9,0.0,,,23.9,0.0,23.0,0.0,,,23.3,0.2
24.9,0.0,25.6,0.0,25.4,0.0,22.8,0.0,,,24.6,0.0,22.7,0.0,,,23.0,0.0
25.5,0.0,25.4,0.0,25.5,0.0,22.9,0.0,,,25.0,0.0,23.0,0.0,,,21.2,2.0
24.6,0.0,25.2,0.0,25.2,0.0,21.6,0.1,,,24.2,0.0,23.5,1.8,,,20.7,3.3
23.2,7.8,23.4,10.2,23.7,10.4,20.4,8.7,,,23.0,6.3,23.0,0.0,,,21.4,0.7
24.1,0.0,24.2,0.0,24.1,0.0,21.1,0.0,,,23.5,1.0,22.9,2.6,,,22.4,1.0
24.8,0.4,24.9,0.1,25.1,0.1,21.5,0.2,,,24.0,0.2,23.1,0.9,,,20.4,13.4
24.1,1.1,24.2,1.6,24.6,1.2,21.4,0.1,,,24.0,0.9,23.1,0.0,,,21.0,12.3
23.0,0.6,23.8,0.4,23.3,0.3,21.0,0.6,,,23.5,0.2,21.8,6.0,,,21.7,2.1
23.6,0.7,23.2,0.9,23.6,1.1,20.4,2.2,,,22.8,0.5,21.7,1.8,,,21.3,5.6
23.4,0.9,22.8,0.2,22.9,0.0,19.5,0.5,,,22.8,0.0,21.4,1.0,,,22.1,2.7
23.8,0.0,23.6,0.1,23.6,0.1,20.3,1.7,,,22.7,0.6,21.5,1.5,,,21.7,0.0
23.6,0.2,23.1,0.2,23.4,0.2,20.5,0.8,,,23.1,0.0,21.1,1.7,,,22.0,0.8
23.6,0.0,23.5,0.0,23.8,0.0,20.5,0.4,,,23.1,0.0,21.3,0.0,,,21.9,0.1
23.9,0.8,23.8,0.6,24.2,0.5,20.7,0.8,,,23.8,0.5,21.3,4.0,,,22.1,0.8
23.3,1.0,23.7,2.3,24.0,2.3,20.9,1.1,,,23.1,1.7,21.9,2.0,,,22.3,1.6
23.8,0.0,24.4,0.1,24.3,0.0,21.4,0.3,,,23.5,0.6,22.9,0.1,,,21.8,3.9
24.5,0.0,24.8,0.0,24.6,0.0,21.6,0.0,,,24.3,0.0,23.0,2.0,,,22.4,1.8
24.7,0.0,24.7,0.0,24.7,0.0,22.0,0.0,,,24.2,0.0,22.8,6.9,,,23.5,0.1
24.4,0.0,24.3,0.0,24.4,0.0,21.5,0.0,,,24.0,0.0,22.6,0.0,,,23.6,0.9
24.7,0.0,25.0,0.0,24.9,0.0,21.9,0.2,,,24.3,0.0,23.0,0.1,,,23.6,0.1
25.4,0.0,25.6,0.0,25.4,0.0,23.3,0.0,,,25.0,0.0,23.0,0.0,,,23.4,0.0
25.3,0.0,26.3,0.0,25.3,0.0,23.8,0.0,,,25.0,0.0,23.3,0.0,,,23.8,0.0
25.4,0.0,25.7,1.0,25.2,0.0,23.0,2.2,,,25.0,0.0,23.4,0.0,,,24.6,0.0
24.9,0.4,24.1,1.0,25.0,1.0,21.1,0.5,,,24.3,1.0,23.2,1.0,,,24.0,0.1
24.7,0.1,24.2,0.0,24.9,0.0,21.2,0.8,,,24.2,0.0,22.6,3.4,,,23.1,0.8
24.2,0.0,24.5,0.0,23.8,0.0,22.2,0.0,,,24.0,0.0,22.4,0.0,,,23.7,0.0
24.1,0.0,25.1,0.0,23.6,0.0,22.7,0.0,,,23.9,0.0,22.1,0.0,,,23.1,0.0
24.9,0.7,24.3,0.2,25.0,0.3,22.8,0.1,,,24.5,1.4,23.2,0.8,,,22.8,0.3
23.8,0.8,23.2,0.4,23.3,0.7,21.4,0.4,,,23.4,0.0,22.7,0.4,,,22.1,1.0
23.0,0.9,21.4,1.0,22.9,1.0,19.4,1.3,,,22.4,1.1,20.1,0.0,,,21.0,1.6
23.2,0.0,21.7,0.0,23.0,0.0,19.8,0.5,,,22.5,0.0,20.9,0.0,,,21.1,1.6
23.4,0.0,22.2,0.0,23.4,0.0,20.6,0.1,,,23.1,0.0,21.3,0.1,,,20.6,4.3
24.2,5.4,22.4,1.9,24.3,2.0,20.5,2.4,,,23.6,2.6,22.1,2.1,,,22.0,1.4
23.3,0.7,22.4,2.0,23.5,0.3,20.7,0.6,,,23.5,0.4,22.0,24.4,,,20.3,13.6
23.7,3.0,22.2,5.3,23.8,3.6,20.5,3.9,,,23.7,2.8,22.1,20.3,,,20.8,11.3
21.6,1.2,20.7,1.4,22.3,1.9,18.6,3.1,,,21.3,0.8,20.9,1.8,,,20.6,7.6
21.9,0.5,20.6,0.0,22.2,0.5,18.5,1.3,,,21.0,0.0,19.5,0.0,,,21.3,0.0
21.7,0.0,19.9,0.0,21.8,0.0,18.0,0.0,,,20.9,0.0,19.4,0.0,,,20.5,2.0
21.3,5.2,20.2,3.6,21.9,5.1,18.5,3.3,,,21.1,3.0,20.1,1.3,,,19.9,9.2
23.4,0.4,21.8,0.6,23.6,0.4,19.9,2.0,,,23.1,0.3,21.3,3.6,,,21.4,2.3
22.7,11.4,22.0,7.2,23.1,8.5,20.1,5.9,,,22.1,12.4,21.9,17.9,,,20.5,11.1
22.9,0.7,22.0,0.3,22.8,0.5,20.3,0.2,,,22.8,0.2,22.1,0.3,,,21.6,0.1
22.2,0.0,21.3,0.4,23.0,0.1,19.4,1.0,,,21.7,0.0,20.6,0.2,,,21.4,0.0
23.1,0.0,21.9,0.0,22.7,0.0,20.1,0.0,,,22.6,0.0,20.4,0.0,,,22.1,0.0
24.2,0.0,23.5,0.0,24.0,0.0,22.3,0.0,,,23.6,0.0,22.7,0.0,,,22.1,1.5
22.2,7.1,22.5,10.1,22.1,6.6,20.4,6.4,,,21.4,7.2,23.0,1.2,,,20.5,16.7
21.7,0.0,20.6,0.0,22.0,0.0,18.4,0.0,,,21.6,0.3,21.6,0.0,,,19.1,0.0
18.7,0.0,19.0,0.0,19.5,0.0,16.9,0.0,,,18.4,0.0,18.5,0.0,,,18.4,0.0
19.5,0.0,18.6,0.0,19.8,0.0,16.7,0.0,,,19.0,0.0,18.8,0.0,,,19.4,0.4
19.9,0.0,19.1,0.0,20.1,0.0,17.2,0.0,,,19.2,0.0,18.8,0.0,,,19.4,0.0
20.1,0.0,19.1,0.0,20.0,0.0,17.3,0.0,,,19.6,0.0,18.5,0.0,,,20.1,0.0
21.2,0.0,19.9,0.0,21.1,0.0,17.9,0.0,,,20.3,0.0,19.8,0.0,,,20.4,0.0
22.0,0.0,20.8,0.0,22.3,0.0,19.1,0.0,,,21.8,0.0,20.9,0.1,,,20.2,1.9
22.6,0.2,21.7,0.2,22.8,0.2,19.8,0.0,,,21.8,0.1,22.0,0.8,,,20.8,0.0
22.3,9.0,21.0,3.8,22.6,8.1,19.0,4.7,,,21.9,6.9,21.3,14.1,,,20.9,4.7
21.6,8.0,19.5,1.3,21.4,6.7,17.6,3.9,,,20.6,8.1,20.8,18.4,,,20.1,0.0
21.0,1.3,19.0,1.5,21.2,1.7,17.3,2.4,,,20.7,2.4,20.9,7.5,,,20.0,0.0
20.8,0.2,19.4,0.0,20.9,0.2,17.3,0.3,,,20.1,0.3,20.2,0.8,,,19.7,0.0
20.3,0.0,19.3,0.0,20.6,0.0,17.7,0.0,,,20.0,0.0,18.6,0.0,,,20.2,0.0
21.5,0.0,20.3,0.0,21.6,0.0,18.9,0.0,,,20.8,0.0,19.0,0.3,,,20.4,0.0
22.1,0.0,20.9,0.0,21.9,0.0,19.7,0.0,,,21.2,0.0,19.5,0.0,,,21.1,0.0
22.1,0.0,21.2,0.0,22.3,0.0,20.0,0.0,,,21.3,0.0,20.2,0.0,,,21.5,0.0
21.5,0.0,20.4,0.0,21.0,0.0,19.0,0.0,,,20.7,0.0,19.5,0.0,,,20.8,0.0
20.8,0.0,19.9,0.0,20.1,0.0,18.2,0.0,,,20.0,0.0,19.5,0.0,,,20.3,0.0
20.7,0.0,20.2,0.0,20.1,0.0,18.9,0.0,,,19.9,0.0,19.4,0.0,,,20.5,0.0
21.0,0.0,20.8,0.0,21.0,0.0,19.7,0.0,,,20.8,0.0,20.4,0.0,,,20.4,0.0
21.3,0.0,21.3,0.0,21.2,0.0,19.8,0.0,,,20.7,0.0,19.3,1.0,,,21.0,0.0
22.2,0.0,21.5,0.0,21.7,0.0,20.1,0.0,,,21.7,0.2,20.5,2.9,,,20.5,0.0
21.8,0.0,20.5,0.0,21.4,0.0,18.6,0.0,,,21.1,0.0,18.9,1.8,,,19.3,0.0
20.6,0.5,19.4,0.1,20.7,0.2,17.4,0.2,,,20.4,0.0,16.9,0.0,,,17.7,0.0
20.7,0.0,19.6,0.0,20.7,0.0,17.7,0.0,,,20.4,0.0,18.0,0.1,,,18.1,0.0
21.0,0.0,20.1,0.0,20.5,0.0,18.4,0.0,,,20.6,0.0,19.5,0.5,,,18.4,0.0
20.4,0.0,19.2,0.0,19.3,0.0,17.8,0.0,,,19.9,0.0,17.2,0.0,,,18.0,0.0
18.9,0.0,18.1,0.0,18.7,0.0,16.5,0.0,,,17.9,0.0,15.8,0.0,,,18.4,0.0
18.0,0.0,17.5,0.0,18.0,0.0,15.5,0.0,,,17.3,0.0,14.8,0.0,,,18.4,0.0
17.5,0.0,16.8,0.0,17.5,0.0,15.2,0.0,,,16.3,0.0,15.2,0.0,,,18.1,0.0
17.3,0.0,16.0,0.0,16.7,0.0,14.3,0.0,,,16.4,0.0,14.9,0.0,,,17.1,0.0
17.8,0.0,16.9,0.0,17.7,0.0,15.7,0.0,,,17.4,0.0,15.6,0.0,,,17.0,0.0
18.3,0.0,17.6,0.0,18.5,0.0,16.1,0.0,,,18.3,0.0,16.1,0.0,,,17.7,0.0
17.6,0.0,17.8,0.0,17.8,0.0,16.2,0.0,,,17.5,0.0,16.1,0.0,,,18.2,0.0
19.1,0.0,18.1,0.0,19.2,0.0,16.3,0.0,,,18.8,0.0,18.3,0.0,,,18.0,0.0
20.1,0.0,18.5,0.0,20.0,0.0,16.7,0.0,,,19.5,0.0,18.3,0.0,,,18.7,0.0
19.3,0.0,18.3,0.0,18.6,0.0,16.7,0.0,,,18.6,0.0,18.5,0.0,,,18.8,0.0
19.9,0.0,18.6,0.0,19.4,0.0,17.2,0.0,,,19.4,0.0,17.3,0.0,,,19.4,0.0
20.0,0.0,19.2,0.0,20.0,0.0,18.0,0.0,,,19.6,0.0,17.6,0.0,,,20.0,0.0
18.6,0.0,18.7,0.0,18.4,0.0,17.3,0.0,,,18.3,0.0,17.4,1.1,,,19.4,0.0
18.8,0.0,17.6,0.0,18.8,0.0,15.8,0.0,,,18.3,0.0,18.0,0.2,,,19.2,0.0
19.4,0.4,19.0,1.8,19.9,0.8,17.1,1.4,,,19.2,0.3,18.3,1.3,,,17.5,5.6
20.2,0.1,18.9,0.0,20.3,0.0,17.0,0.3,,,20.0,0.2,18.9,0.8,,,17.2,0.0
19.0,0.0,18.0,0.0,18.3,0.0,16.4,0.0,,,18.0,0.0,17.6,0.0,,,17.5,0.0
18.2,0.0,17.2,0.0,17.4,0.0,15.5,0.0,,,17.6,0.0,16.8,0.0,,,17.1,0.0
17.7,0.0,16.7,0.0,16.6,0.0,15.6,0.0,,,17.2,0.0,15.3,0.0,,,17.1,0.0
17.8,0.0,16.9,0.0,17.5,0.0,15.8,0.0,,,17.0,0.0,14.9,0.0,,,17.4,0.0
17.3,0.0,16.5,0.0,17.1,0.0,15.0,0.0,,,16.3,0.0,15.6,0.0,,,17.5,0.0
17.0,0.0,16.4,0.0,16.8,0.0,15.2,0.0,,,16.5,0.0,15.1,0.0,,,17.9,0.0
17.8,0.0,16.9,0.0,17.4,0.0,15.6,0.0,,,16.9,0.0,14.4,0.0,,,17.6,0.0
18.9,0.0,18.0,0.0,18.0,0.0,17.1,0.0,,,18.1,0.0,15.5,0.0,,,19.3,0.0
19.8,0.0,18.8,0.0,18.9,0.0,17.6,0.0,,,19.2,0.0,17.0,0.0,,,18.2,0.0
20.3,0.0,19.5,0.0,18.7,0.0,18.3,0.0,,,19.6,0.0,17.2,0.0,,,18.9,0.0
20.8,0.0,20.2,0.0,19.6,0.0,18.9,0.0,,,20.9,0.0,18.2,0.0,,,20.5,0.0
20.9,0.0,19.8,0.0,20.6,0.7,18.3,0.8,,,20.5,0.0,18.4,0.7,,,20.8,0.0
20.7,0.0,19.4,0.0,20.5,0.0,18.0,0.0,,,20.0,0.0,18.0,0.1,,,21.0,0.0
20.1,0.0,19.8,0.0,20.6,0.0,18.2,0.0,,,20.0,0.0,17.7,0.0,,,19.4,0.0
20.5,2.8,20.0,5.7,20.6,4.3,18.3,11.8,,,20.3,0.4,18.1,0.1,,,17.9,7.4
19.1,13.2,18.0,14.8,19.6,11.6,16.4,13.2,,,18.7,23.7,17.7,7.4,,,15.9,0.0
18.6,0.4,16.7,0.6,18.6,0.5,15.1,0.6,,,18.0,0.1,16.9,0.1,,,16.1,0.0
18.1,0.0,16.3,0.0,18.3,0.0,14.7,0.0,,,17.4,0.0,16.3,0.1,,,17.9,0.0
17.1,0.0,15.5,0.0,16.9,0.0,13.8,0.0,,,16.5,0.0,14.9,0.0,,,18.3,0.0
16.4,0.0,15.0,0.0,16.2,0.0,13.8,0.0,,,15.8,0.0,13.8,0.0,,,17.4,0.0
16.4,0.0,14.9,0.0,16.3,0.0,13.5,0.0,,,15.8,0.0,15.0,0.0,,,17.1,0.0
16.4,0.0,15.3,0.0,16.1,0.0,13.7,0.0,,,15.9,0.0,13.7,0.0,,,17.4,0.0
17.3,0.0,16.7,0.0,16.1,0.0,15.6,0.0,,,16.8,0.0,15.2,0.0,,,16.9,0.0
17.3,0.0,17.2,0.0,16.3,0.0,16.0,0.0,,,16.9,0.0,16.8,0.0,,,17.2,0.0
18.6,0.0,17.9,0.0,18.1,0.0,16.4,0.0,,,18.5,0.0,16.3,0.0,,,17.3,0.0
19.0,0.0,18.0,0.0,18.5,0.0,16.6,0.0,,,18.4,0.0,16.9,0.0,,,18.0,0.0
18.6,0.0,17.9,0.0,17.4,0.0,16.9,0.0,,,18.2,0.0,15.9,0.0,,,18.2,0.0
18.9,0.0,18.0,0.0,18.2,0.0,16.8,0.0,,,18.0,0.0,16.4,0.0,,,18.3,0.0
18.6,0.0,17.9,0.0,17.9,0.0,16.2,0.0,,,18.1,0.0,17.4,0.0,,,18.9,0.0
18.0,0.0,17.1,0.0,17.2,0.0,15.4,0.0,,,17.2,0.0,16.2,0.1,,,18.1,0.0
18.3,0.0,18.0,0.0,17.5,0.0,17.5,0.0,,,17.7,0.0,15.6,0.0,,,17.5,0.0
17.3,0.0,16.5,0.0,17.0,0.0,14.3,0.0,,,16.3,0.0,15.6,0.0,,,17.8,0.0
15.9,0.0,15.1,0.0,15.9,0.0,13.4,0.0,,,15.6,0.0,14.3,0.0,,,16.8,0.0
15.3,0.0,14.5,0.0,14.8,0.0,12.8,0.0,,,15.4,0.0,13.0,0.0,,,16.3,0.0
15.1,0.0,14.6,0.0,14.0,0.0,13.0,0.0,,,14.7,0.0,12.6,0.0,,,15.7,0.0
16.4,0.0,16.0,0.0,15.0,0.0,14.7,0.0,,,16.1,0.0,13.4,0.0,,,16.4,0.0
18.0,0.0,18.0,0.0,16.4,0.0,17.0,0.0,,,17.7,0.0,15.2,0.0,,,17.4,0.0
19.8,0.0,20.5,0.0,18.2,0.0,20.2,0.0,,,19.6,0.0,17.7,0.0,,,19.6,0.0
21.0,0.0,20.3,0.0,19.5,0.0,19.0,0.0,,,20.3,0.0,18.9,0.0,,,21.4,0.0
22.0,0.0,21.0,0.0,20.5,0.0,19.9,0.0,,,20.9,0.0,19.4,0.0,,,21.1,0.0
22.5,0.0,21.5,0.0,20.8,0.0,20.4,0.0,,,21.8,0.0,20.3,0.0,,,20.9,0.0
23.0,0.0,21.8,0.0,21.4,0.0,20.5,0.0,,,22.0,0.0,21.5,0.0,,,21.7,0.0
19.8,0.0,19.3,0.0,19.4,0.0,17.4,0.0,,,19.5,0.0,17.7,0.4,,,15.0,3.4
17.1,0.0,16.5,0.0,17.3,0.0,14.7,0.0,,,16.8,0.0,14.2,0.0,,,17.7,0.0
18.9,0.3,18.8,0.5,19.1,0.5,17.3,0.3,,,18.7,0.0,16.1,0.2,,,19.4,0.0
21.1,0.0,20.6,0.0,20.6,0.0,19.3,0.0,,,20.3,0.0,18.3,0.0,,,21.1,0.0
22.7,0.0,21.6,0.0,21.5,0.0,20.2,0.0,,,22.2,0.0,20.4,0.6,,,21.5,0.0
22.2,0.0,20.5,0.2,22.2,0.1,18.4,1.3,,,21.4,0.0,19.6,0.2,,,20.9,0.4
19.7,0.0,19.1,0.0,20.2,0.0,16.7,0.3,,,19.4,0.0,18.0,0.5,,,19.7,0.0
18.7,0.0,18.5,0.0,18.8,0.0,16.5,0.0,,,18.1,0.0,16.3,0.0,,,18.4,0.0
18.3,0.0,17.4,0.0,18.3,0.0,15.3,0.0,,,18.3,0.0,16.8,0.0,,,17.8,0.0
19.1,0.0,18.4,0.0,18.7,0.0,16.7,0.0,,,18.5,0.0,16.8,0.0,,,18.6,0.0
19.9,2.2,19.0,1.7,19.6,1.7,17.2,2.2,,,19.3,1.4,18.7,2.9,,,18.8,0.0
19.5,0.0,18.8,0.0,19.8,0.0,17.3,0.0,,,19.5,0.0,18.7,0.1,,,19.2,0.0
20.7,0.5,19.1,0.6,21.0,0.1,17.4,0.7,,,20.4,0.4,18.4,23.4,,,19.6,0.0
20.6,0.3,19.5,0.6,21.0,0.6,17.7,0.0,,,20.4,1.1,18.7,0.0,,,20.2,0.0
20.7,0.0,19.8,0.0,20.6,0.0,18.3,0.0,,,20.3,0.0,18.0,0.1,,,21.0,0.0
20.5,0.2,20.2,4.0,20.1,4.0,19.0,0.0,,,19.9,0.0,17.5,0.5,,,20.7,0.0
19.8,0.3,18.2,0.3,20.1,0.5,16.1,2.2,,,19.3,0.0,16.4,0.2,,,20.3,0.0
19.6,0.0,18.8,0.0,20.1,0.0,16.8,0.0,,,19.3,0.0,17.5,1.9,,,20.8,0.0
19.3,0.0,18.5,0.0,19.6,0.0,16.7,0.0,,,18.9,0.0,16.3,0.0,,,20.8,0.0
18.8,0.0,18.5,0.0,18.6,0.0,17.0,0.0,,,18.4,0.0,15.5,0.0,,,20.0,0.0
20.4,0.0,19.3,0.0,19.0,0.0,18.0,0.0,,,19.5,0.0,16.3,0.0,,,19.8,0.0
21.5,0.0,19.8,0.0,20.0,0.0,18.5,0.0,,,20.2,0.0,17.0,0.0,,,20.7,0.0
21.9,0.0,20.4,0.0,20.9,0.0,19.3,0.0,,,20.6,0.0,17.8,0.0,,,21.2,0.0
20.8,0.0,19.6,0.0,20.9,0.0,18.1,0.0,,,20.3,0.0,17.7,0.0,,,20.9,0.0
20.3,0.0,19.5,0.0,19.7,0.0,18.1,0.0,,,19.9,0.0,17.6,0.0,,,20.9,0.0
21.1,0.0,21.2,0.0,21.3,0.0,20.0,0.0,,,20.5,0.0,18.9,0.0,,,22.2,0.0
20.0,0.0,19.4,0.0,20.3,0.0,17.6,0.0,,,19.6,0.1,18.9,0.7,,,21.3,0.0
20.2,0.0,20.0,0.0,20.6,0.0,18.2,0.0,,,20.5,0.0,18.7,0.7,,,21.1,0.0
21.4,0.0,20.7,0.0,21.3,0.0,19.0,0.0,,,20.9,0.0,18.8,0.0,,,22.3,0.0
22.8,0.0,22.1,0.0,23.2,0.0,20.6,0.0,,,22.3,0.0,19.2,0.0,,,23.2,0.0
21.2,0.1,21.5,0.2,21.3,0.4,19.5,1.5,,,20.7,0.2,19.2,0.6,,,23.3,0.0
21.3,0.0,20.6,0.0,21.2,0.0,18.4,0.1,,,20.9,0.0,20.2,0.1,,,21.6,0.3
21.2,1.9,20.6,0.6,21.3,1.0,18.6,0.5,,,20.6,0.4,19.8,0.3,,,21.3,0.0
20.1,0.0,19.7,0.0,20.1,0.0,17.9,0.0,,,20.1,0.0,19.0,1.0,,,21.3,0.0
20.6,0.0,19.4,0.0,20.4,0.0,17.5,0.0,,,20.6,0.0,18.3,2.4,,,20.8,0.0
21.1,0.0,20.5,0.0,20.9,0.0,19.0,0.0,,,20.5,0.0,17.7,0.0,,,21.8,0.0
23.0,0.0,21.9,0.0,22.3,0.0,20.3,0.0,,,22.7,0.0,20.1,0.2,,,22.0,0.0
22.0,0.3,21.9,0.2,21.5,0.8,20.1,0.7,,,21.9,0.3,19.7,9.0,,,19.4,0.7
18.5,4.1,19.4,8.6,18.2,1.3,17.2,1.7,,,19.0,2.6,18.0,6.1,,,17.9,0.0
21.7,0.0,21.0,0.0,19.9,0.0,19.7,0.0,,,21.2,0.0,19.1,0.0,,,20.9,0.0
23.6,0.0,22.8,0.0,22.0,0.0,21.4,0.0,,,22.9,0.0,20.0,0.0,,,22.5,0.0
25.3,0.0,24.3,0.0,24.0,0.0,23.0,0.0,,,24.9,0.0,21.9,0.0,,,23.7,0.0
23.8,0.6,25.1,0.0,23.0,1.0,23.5,0.0,,,23.5,0.0,22.2,0.2,,,23.5,3.1
22.9,8.6,23.9,0.0,22.9,7.2,21.3,6.9,,,23.0,1.2,20.7,1.1,,,23.2,0.0
17.2,5.4,17.7,9.8,18.0,3.9,15.7,2.7,,,16.7,5.4,15.0,18.3,,,20.2,1.3
17.9,11.6,17.0,14.2,18.7,14.0,15.4,3.8,,,17.9,4.0,15.3,8.1,,,19.3,3.4
20.1,0.3,18.5,0.7,20.6,0.6,16.8,2.9,,,19.7,1.0,17.2,1.4,,,18.5,3.0
21.9,0.4,19.8,1.0,21.6,1.2,18.1,2.3,,,21.6,0.0,20.1,0.7,,,20.7,0.3
21.0,0.5,20.8,0.3,21.3,0.3,19.2,1.3,,,20.7,0.1,21.2,0.0,,,21.9,0.1
22.2,0.4,20.7,0.8,23.3,1.0,18.7,0.7,,,22.1,0.1,19.6,0.0,,,22.4,0.0
22.4,0.0,20.3,0.0,23.3,0.0,18.7,0.0,,,22.3,0.1,19.4,0.0,,,22.6,0.2
22.9,0.7,21.4,2.2,23.2,2.2,19.5,6.3,,,22.2,0.0,20.1,0.0,,,23.6,0.0
23.5,0.0,22.5,0.0,24.1,0.0,21.0,0.0,,,22.9,0.0,21.9,0.0,,,24.9,0.2
23.6,0.9,22.5,5.2,23.1,4.4,21.1,3.3,,,23.1,1.6,21.6,6.6,,,23.7,1.1
21.7,0.0,21.4,0.0,21.9,0.0,19.2,0.0,,,21.2,0.4,19.3,0.5,,,23.0,1.0
21.4,0.0,20.0,0.0,21.8,0.0,18.0,0.0,,,21.5,0.0,19.3,0.0,,,21.2,0.0
21.2,0.0,19.4,0.0,21.6,0.0,17.7,0.0,,,21.1,0.0,18.5,0.0,,,21.5,0.0
21.4,0.0,19.8,0.0,21.6,0.0,18.3,0.0,,,20.5,0.0,18.1,0.0,,,22.9,0.0
21.4,0.0,20.1,0.0,21.5,0.0,18.6,0.0,,,20.7,0.0,18.8,0.0,,,23.3,0.0
21.8,0.4,20.2,0.1,21.2,0.3,18.5,0.1,,,21.1,0.0,19.3,0.0,,,22.0,0.0
22.3,0.0,21.3,0.0,22.5,0.0,19.5,0.0,,,21.9,0.0,19.3,0.0,,,22.9,0.0
23.7,0.0,22.5,0.0,24.0,0.0,20.5,0.0,,,23.5,0.0,21.6,0.0,,,25.0,0.0
24.6,0.0,24.4,0.0,25.0,0.0,22.9,0.0,,,24.6,0.0,23.0,0.3,,,23.2,0.7
22.9,2.0,21.9,2.2,23.5,2.2,20.0,5.5,,,22.8,2.9,19.3,8.9,,,22.5,0.1
23.9,0.0,22.2,0.0,24.5,0.0,20.2,0.0,,,24.1,0.0,18.9,0.0,,,23.6,0.4
24.3,0.0,22.6,0.0,24.8,0.0,21.2,0.0,,,23.6,0.0,22.9,0.0,,,25.7,0.4
24.3,0.0,22.6,0.0,24.4,0.0,21.1,0.0,,,23.4,0.0,21.4,0.0,,,25.1,0.0
24.3,0.0,23.3,0.0,24.7,0.0,21.9,0.0,,,23.9,0.0,20.8,0.0,,,26.1,0.0
23.1,0.0,22.8,0.0,23.6,0.0,21.5,0.0,,,22.5,0.0,20.7,0.0,,,25.3,0.5
22.5,0.0,21.6,0.0,23.0,0.0,19.9,0.0,,,22.5,0.0,20.6,0.0,,,24.9,0.0
23.7,0.0,22.5,0.0,23.9,0.0,21.0,0.0,,,23.1,0.0,20.7,0.0,,,26.1,0.0
26.0,0.0,25.2,0.0,25.8,0.0,24.0,0.0,,,25.7,0.0,22.2,0.0,,,27.5,0.6
28.3,0.0,27.0,0.0,27.6,0.0,25.6,0.0,,,27.6,0.0,23.6,0.0,,,28.1,0.0
29.3,0.0,28.5,0.0,29.8,0.0,27.1,0.0,,,29.4,0.0,25.6,0.0,,,28.9,0.0
29.6,0.0,28.4,0.0,29.3,0.1,26.5,0.2,,,28.3,0.0,25.8,0.0,,,28.5,0.4
27.2,0.0,28.5,0.0,27.9,0.0,26.3,0.0,,,27.4,0.0,25.2,1.0,,,25.8,4.3
25.2,9.0,25.1,5.7,25.8,5.7,23.1,13.9,,,25.5,11.5,22.7,0.0,,,24.4,2.5
20.7,0.0,21.3,0.0,21.6,0.0,19.2,0.0,,,20.5,0.0,18.7,0.0,,,23.6,1.0
22.1,0.0,21.9,0.0,23.0,0.0,19.4,0.0,,,22.2,0.0,19.7,0.0,,,24.8,0.1
20.0,2.9,20.3,2.0,20.3,2.4,18.9,2.6,,,19.6,2.6,19.7,19.2,,,20.4,6.7
22.4,12.6,21.5,9.2,23.0,12.6,19.7,13.6,,,22.5,5.2,21.6,14.4,,,21.1,11.1
24.8,6.7,22.0,6.2,25.2,7.7,20.1,4.6,,,24.2,8.8,24.2,1.7,,,23.3,0.6
26.6,0.3,24.3,0.0,26.8,0.0,22.6,0.9,,,25.8,0.2,24.5,0.2,,,25.6,0.0
27.4,0.5,24.5,1.3,27.4,1.3,22.9,2.4,,,27.0,0.4,26.2,0.2,,,26.1,1.1
24.7,0.0,24.4,2.7,25.7,2.4,22.8,3.8,,,24.5,2.3,25.2,0.6,,,25.0,4.9
27.0,0.0,25.7,0.0,27.0,0.0,23.8,0.0,,,27.1,0.0,26.2,0.0,,,24.4,1.9
26.9,0.0,25.3,0.0,26.9,0.0,23.4,0.0,,,26.0,0.0,25.4,0.0,,,24.5,0.2
25.4,0.0,24.7,0.8,25.1,0.5,22.7,0.8,,,24.8,1.0,24.7,6.5,,,23.7,3.4
25.6,1.9,23.8,3.1,25.8,2.9,21.6,4.5,,,25.4,1.8,21.9,0.5,,,24.9,0.0
25.6,0.0,23.6,0.0,26.2,0.0,21.7,0.0,,,25.2,0.0,23.9,0.4,,,25.1,0.0
26.7,0.0,25.3,0.0,26.9,0.0,23.2,0.0,,,26.3,0.0,24.2,0.0,,,25.3,0.3
26.7,1.5,25.8,7.4,27.4,3.5,23.7,4.5,,,26.5,8.7,24.4,14.0,,,20.9,4.7
24.5,1.0,23.4,1.2,24.5,1.4,21.0,0.9,,,24.1,1.3,20.8,1.5,,,24.1,10.0
24.0,0.0,22.8,0.0,23.9,0.0,20.8,0.0,,,23.6,0.0,21.4,0.0,,,23.9,2.5
25.4,0.2,23.8,0.0,25.5,0.0,21.8,0.2,,,24.9,0.0,23.4,0.4,,,24.7,0.0
26.6,0.0,25.2,0.0,26.1,0.0,23.2,0.0,,,25.7,0.0,23.7,0.0,,,25.5,0.0
25.9,5.0,25.0,2.1,25.9,3.2,23.1,3.3,,,25.4,2.1,24.5,1.3,,,25.5,1.1
24.3,11.0,22.4,17.6,24.1,17.3,20.2,15.1,,,24.0,4.6,20.9,0.0,,,23.0,3.5
23.0,3.2,22.0,7.2,23.3,7.2,19.7,8.2,,,22.7,0.9,18.7,0.5,,,22.7,8.6
22.2,0.5,21.5,1.0,22.2,0.3,19.4,0.8,,,21.9,0.4,18.4,0.7,,,23.7,0.0
23.9,0.0,21.9,0.0,24.2,0.0,19.9,0.0,,,23.7,0.0,20.7,1.7,,,23.8,0.0
24.7,0.0,22.5,0.0,25.1,0.0,20.5,0.0,,,24.3,0.0,22.3,0.5,,,24.6,0.0
26.9,0.0,24.7,0.0,26.8,0.0,23.3,0.0,,,26.6,0.0,24.9,0.0,,,25.8,0.0
26.7,1.8,25.5,0.2,25.6,0.2,24.0,0.7,,,25.6,0.5,23.0,6.2,,,25.0,3.9
25.6,3.9,23.8,2.8,25.6,1.3,21.6,3.9,,,25.7,2.7,23.3,21.7,,,22.8,1.9
23.9,2.9,22.7,2.9,24.0,3.8,20.9,1.4,,,24.0,2.6,22.9,5.6,,,22.4,10.1
24.8,2.4,23.0,1.3,24.8,2.7,21.0,1.6,,,25.1,0.9,23.4,1.8,,,22.5,0.6
26.3,14.3,24.5,4.8,25.8,12.1,22.6,8.6,,,26.1,6.9,24.7,3.2,,,24.3,5.1
25.1,0.0,24.5,0.0,25.4,0.0,22.7,0.7,,,25.2,0.3,23.9,19.1,,,24.4,0.3
23.7,13.1,24.1,14.1,24.1,4.5,22.5,9.8,,,24.0,17.0,23.8,28.3,,,23.2,15.3
24.6,13.2,23.3,8.3,24.4,13.4,21.5,5.9,,,24.8,4.3,22.3,15.6,,,22.3,0.8
23.5,6.0,22.4,5.0,24.0,5.1,20.6,6.4,,,23.3,1.9,21.7,2.9,,,23.3,2.5
24.7,2.4,23.5,2.8,25.1,6.0,21.2,2.4,,,25.1,1.4,23.9,0.8,,,23.2,4.7
24.1,5.4,23.1,6.0,24.5,6.6,21.0,7.7,,,24.1,8.4,24.2,3.7,,,20.9,2.2
25.8,0.0,23.0,0.0,25.8,0.0,21.2,0.0,,,25.4,0.0,22.1,0.4,,,22.5,0.0
23.7,0.0,21.1,0.0,23.6,0.0,19.3,0.0,,,23.1,0.0,19.5,0.0,,,24.5,0.0
23.2,0.0,20.2,0.0,22.9,0.0,18.4,0.0,,,22.4,0.0,19.0,0.0,,,24.1,0.0
22.8,0.0,20.5,0.0,22.3,0.0,18.8,0.0,,,21.9,0.0,19.0,0.0,,,24.3,0.0
24.6,0.0,22.0,0.0,24.4,0.0,21.1,0.0,,,24.2,0.0,20.9,0.0,,,25.6,0.0
26.6,0.0,24.0,0.0,25.8,0.0,22.9,0.0,,,25.6,0.0,23.6,0.0,,,26.5,0.0
27.3,0.0,25.3,0.0,26.4,0.0,23.8,0.0,,,26.7,0.0,24.3,0.0,,,26.2,0.0
28.8,0.0,27.0,0.0,28.3,0.0,25.7,0.0,,,28.2,0.0,25.8,0.0,,,28.6,0.0
30.4,0.0,28.7,0.0,29.8,0.0,26.9,0.0,,,30.1,0.0,27.2,0.0,,,29.3,0.0
30.8,0.0,30.1,0.0,30.3,0.0,28.4,0.0,,,30.8,0.0,27.3,0.0,,,29.8,0.0
30.5,0.0,29.7,0.0,30.7,0.0,28.1,0.0,,,30.3,0.0,27.3,0.2,,,26.6,0.0
28.5,0.0,29.6,0.0,29.2,0.0,27.4,0.0,,,29.0,0.0,26.5,0.0,,,27.3,0.0
28.8,0.0,29.2,0.0,28.9,0.0,27.8,0.0,,,29.5,0.0,27.5,0.0,,,28.1,0.0
30.6,0.0,30.4,0.0,30.7,0.0,29.1,0.0,,,30.9,0.0,28.6,0.0,,,27.0,0.6
27.2,26.1,28.3,27.9,27.6,24.2,25.7,11.9,,,27.7,18.5,26.6,14.2,,,26.0,18.1
21.7,5.5,22.8,3.7,22.4,5.2,20.4,6.4,,,22.5,6.1,22.7,9.8,,,22.3,1.9
23.8,0.6,22.4,2.0,24.7,0.2,20.5,0.4,,,23.9,1.1,24.2,4.7,,,24.1,6.0
26.3,0.0,24.4,0.0,26.5,0.0,22.7,0.4,,,25.7,0.0,24.6,0.0,,,23.1,3.7
27.9,0.6,25.5,0.5,27.9,0.9,24.0,1.4,,,27.2,0.0,25.2,0.7,,,25.1,2.4
26.7,5.4,24.5,7.6,26.8,4.2,22.6,3.8,,,26.5,0.7,24.9,7.0,,,23.9,1.8
23.5,0.0,22.4,0.0,23.4,0.0,20.1,2.0,,,23.0,0.0,20.4,1.8,,,24.0,1.0
23.3,0.0,21.4,0.0,23.4,0.0,19.6,0.0,,,23.2,0.0,19.9,0.0,,,23.3,3.6
25.0,0.0,23.1,0.0,25.0,0.0,21.1,0.0,,,24.9,0.0,22.3,0.2,,,23.7,0.8
25.3,7.3,24.3,7.4,25.7,7.4,22.2,5.4,,,25.1,9.7,23.7,0.1,,,24.8,0.6
24.5,4.3,24.3,1.7,25.1,2.5,22.5,1.3,,,24.3,5.1,23.4,4.1,,,21.4,5.9
26.2,2.9,24.5,2.3,26.8,1.7,22.6,1.8,,,25.6,3.8,24.6,14.7,,,24.1,9.9
26.4,12.7,24.4,13.0,26.2,13.0,22.6,10.1,,,26.2,7.2,24.8,8.5,,,24.2,1.1
23.9,13.4,23.3,8.2,24.2,7.0,21.6,3.5,,,24.3,19.4,24.2,14.2,,,23.2,7.3
24.4,2.4,23.4,3.3,24.7,2.3,21.7,0.9,,,24.2,4.7,24.6,5.7,,,23.7,1.2
24.0,0.5,24.2,0.9,24.1,1.0,22.6,1.7,,,23.6,1.1,25.3,0.9,,,23.0,3.5
24.9,0.9,24.5,0.4,25.8,0.4,22.6,1.3,,,25.6,0.2,24.6,5.2,,,23.9,4.6
26.0,0.9,24.3,0.0,26.5,2.1,22.5,1.6,,,25.9,0.0,24.5,0.6,,,24.3,3.1
26.8,0.0,24.5,0.0,26.8,0.0,22.9,0.0,,,26.5,0.0,25.2,0.0,,,26.6,0.0
27.5,0.0,25.4,0.0,27.4,0.0,23.7,0.3,,,27.0,0.0,25.4,0.3,,,24.8,2.3
25.8,6.1,23.9,5.2,26.5,5.2,21.9,13.8,,,25.9,3.3,24.0,3.2,,,25.0,5.2
25.2,0.4,23.4,0.2,25.1,0.2,21.3,0.0,,,24.9,0.0,22.0,0.0,,,25.1,0.7
24.0,13.4,23.2,13.3,24.4,14.2,21.7,13.0,,,24.1,12.4,22.5,6.9,,,22.6,13.2
24.0,1.9,23.2,2.7,24.1,2.8,21.2,4.9,,,24.2,0.3,23.6,17.4,,,23.6,10.2
24.5,0.0,23.2,0.3,24.4,0.3,21.2,0.1,,,24.5,0.2,22.6,0.8,,,25.2,0.7
25.4,0.0,23.9,0.0,25.4,0.0,21.7,0.0,,,25.0,0.0,23.9,0.3,,,26.0,0.0
25.9,0.0,23.8,0.0,25.1,0.0,22.0,0.0,,,25.0,0.0,24.0,0.0,,,26.3,0.0
26.3,0.0,24.3,0.0,25.6,0.0,22.2,0.0,,,25.7,0.0,24.5,0.0,,,25.8,0.0
26.2,0.0,24.6,0.0,25.6,0.0,22.5,0.0,,,26.0,0.0,24.6,0.0,,,26.1,0.0
25.5,2.3,24.9,1.0,25.5,0.5,22.7,0.6,,,25.7,0.3,24.3,0.1,,,25.8,0.2
24.8,2.3,24.5,0.0,24.6,0.4,22.2,0.2,,,24.8,0.7,24.4,0.6,,,23.7,1.3
23.3,7.3,22.8,1.2,24.3,2.0,20.7,1.5,,,23.3,0.6,24.0,1.2,,,23.5,0.8
23.7,4.8,22.4,7.3,24.5,6.4,20.7,7.1,,,23.8,6.5,23.4,7.4,,,23.6,2.0
23.0,6.0,22.5,6.6,24.0,5.7,20.4,3.5,,,22.6,14.3,24.0,20.5,,,21.5,17.4
21.8,15.3,22.5,16.6,22.5,15.5,20.6,17.9,,,22.2,14.8,22.9,14.2,,,20.2,8.7
23.4,14.8,22.5,18.0,23.8,17.0,20.4,19.4,,,23.0,13.0,24.4,11.0,,,22.0,2.0
25.5,5.0,23.9,13.0,25.7,13.1,22.0,10.7,,,25.3,2.9,24.7,2.3,,,23.7,8.7
23.7,8.9,23.8,7.6,24.4,7.5,22.2,5.6,,,23.3,10.0,22.9,16.5,,,23.8,0.4
23.9,34.3,23.0,15.4,24.5,26.7,21.5,15.7,,,24.3,13.0,21.4,0.8,,,25.5,0.3
24.5,0.7,22.6,0.6,24.8,0.8,20.7,1.2,,,24.3,1.4,22.4,1.7,,,25.3,1.3
26.7,0.2,24.7,0.4,26.9,0.4,23.0,0.4,,,26.1,0.1,24.8,0.0,,,25.1,0.9
23.8,10.0,23.9,8.6,25.2,10.0,22.1,11.9,,,23.6,8.0,24.8,17.8,,,25.1,10.5
24.3,21.6,22.3,6.8,24.0,9.0,20.4,6.2,,,24.3,7.4,20.4,1.1,,,22.8,18.6
21.0,12.5,20.0,17.3,21.1,13.6,18.2,18.9,,,20.8,15.7,18.7,18.0,,,21.2,8.2
